{
    "\u7684": 0.0386329866,
    "\u3002": 0.0312035661,
    "\uff0c": 0.0274888559,
    "\u548c": 0.0260029718,
    "L": 0.014858841,
    "N": 0.014115899,
    "P": 0.014115899,
    "\u8fd9": 0.0126300149,
    "\u8bed": 0.0118870728,
    "\u7528": 0.0111441308,
    "\u4eba": 0.0096582467,
    "\u6709": 0.0089153046,
    "\u80fd": 0.0081723626,
    "\u4ee5": 0.0081723626,
    "\u5b66": 0.0074294205,
    "\u8fdb": 0.0074294205,
    "\u7406": 0.0074294205,
    "\u89e3": 0.0074294205,
    "\u8981": 0.0074294205,
    "\u53d1": 0.0074294205,
    "\u53ef": 0.0074294205,
    "\u5728": 0.0066864785,
    "\u672f": 0.0066864785,
    "\u673a": 0.0066864785,
    "\u4e9b": 0.0066864785,
    "\u8a00": 0.0066864785,
    "\u4e00": 0.0066864785,
    "\u4e2a": 0.0066864785,
    "\u5e94": 0.0066864785,
    "\u6027": 0.0059435364,
    "\u9886": 0.0059435364,
    "\u57df": 0.0059435364,
    "\u4e0d": 0.0059435364,
    "\u5bf9": 0.0059435364,
    "\u6237": 0.0059435364,
    "\u6280": 0.0052005944,
    "\u4e3a": 0.0052005944,
    "\u5173": 0.0052005944,
    "\u65b9": 0.0052005944,
    "\u529b": 0.0052005944,
    "\u52a8": 0.0052005944,
    "\u786e": 0.0052005944,
    "\u7814": 0.0052005944,
    "\u7a76": 0.0052005944,
    "\u533b": 0.0052005944,
    "\u73b0": 0.0044576523,
    "\u5668": 0.0044576523,
    "\u4e86": 0.0044576523,
    "\u5904": 0.0044576523,
    "\u4e4b": 0.0044576523,
    "\u53d8": 0.0044576523,
    "\u91cd": 0.0044576523,
    "\u662f": 0.0044576523,
    "e": 0.0044576523,
    "\u6765": 0.0044576523,
    "\u63d0": 0.0044576523,
    "\u5c55": 0.0044576523,
    "\u7597": 0.0044576523,
    "\u4e2d": 0.0037147103,
    "\u65b0": 0.0037147103,
    "\u7c7b": 0.0037147103,
    "\u4f7f": 0.0037147103,
    "\u79cd": 0.0037147103,
    "\u5177": 0.0037147103,
    "\u52a9": 0.0037147103,
    "\u624b": 0.0037147103,
    "\u590d": 0.0037147103,
    "\u6742": 0.0037147103,
    "\u6cd5": 0.0037147103,
    "\u4eec": 0.0037147103,
    "\u884c": 0.0037147103,
    "\u901a": 0.0037147103,
    "\u8fc7": 0.0037147103,
    "\u5ba2": 0.0037147103,
    "\u5f97": 0.0037147103,
    "\u51c6": 0.0037147103,
    "\u8005": 0.0037147103,
    "\u6539": 0.0037147103,
    "\u5b9e": 0.0037147103,
    "\u5de5": 0.0029717682,
    "\u667a": 0.0029717682,
    "\u81ea": 0.0029717682,
    "\u5408": 0.0029717682,
    "\u4ea4": 0.0029717682,
    "\u6d41": 0.0029717682,
    "\u5f0f": 0.0029717682,
    "\u3001": 0.0029717682,
    "\u4e5f": 0.0029717682,
    "l": 0.0029717682,
    "a": 0.0029717682,
    "o": 0.0029717682,
    "s": 0.0029717682,
    "\u52a1": 0.0029717682,
    "\u4ece": 0.0029717682,
    "\u66f4": 0.0029717682,
    "\u7cfb": 0.0029717682,
    "\u7edf": 0.0029717682,
    "\u7740": 0.0029717682,
    "\u5927": 0.0029717682,
    "\u91cf": 0.0029717682,
    "\u5206": 0.0029717682,
    "\u89c1": 0.0029717682,
    "\u65e0": 0.0029717682,
    "\u6a21": 0.0029717682,
    "\u5316": 0.0029717682,
    "\u636e": 0.0029717682,
    "\u5feb": 0.0022288262,
    "\u901f": 0.0022288262,
    "\u6b65": 0.0022288262,
    "\u521b": 0.0022288262,
    "\u7136": 0.0022288262,
    "\u4f5c": 0.0022288262,
    "\u952e": 0.0022288262,
    "\u7b97": 0.0022288262,
    "\u95f4": 0.0022288262,
    "\u591f": 0.0022288262,
    "\u4e14": 0.0022288262,
    "\u5883": 0.0022288262,
    "\u91ca": 0.0022288262,
    "\u4e92": 0.0022288262,
    "\u540c": 0.0022288262,
    "\u6837": 0.0022288262,
    "\u865a": 0.0022288262,
    "\u62df": 0.0022288262,
    "\u5f00": 0.0022288262,
    "i": 0.0022288262,
    "t": 0.0022288262,
    "\u5229": 0.0022288262,
    "\u54cd": 0.0022288262,
    "\u5b83": 0.0022288262,
    "\u5404": 0.0022288262,
    "\u5230": 0.0022288262,
    "\u5236": 0.0022288262,
    "\u4f9b": 0.0022288262,
    "\u6b64": 0.0022288262,
    "\u5916": 0.0022288262,
    "\u6301": 0.0022288262,
    "\u670d": 0.0022288262,
    "\u9762": 0.0022288262,
    "\u81f3": 0.0022288262,
    "\u4fdd": 0.0022288262,
    "\u5176": 0.0022288262,
    "\u83b7": 0.0022288262,
    "\u9879": 0.0022288262,
    "\u6790": 0.0022288262,
    "\u504f": 0.0022288262,
    "\u793e": 0.0022288262,
    "\u732e": 0.0022288262,
    "\u578b": 0.0022288262,
    "\u6587": 0.0022288262,
    "\u6d4b": 0.0022288262,
    "\u4f1a": 0.0022288262,
    "\u6f5c": 0.0022288262,
    "\u60a3": 0.0022288262,
    "\u62a4": 0.0022288262,
    "\u65ad": 0.0022288262,
    "\u6570": 0.0022288262,
    "\u591a": 0.0022288262,
    "\u9700": 0.0022288262,
    "\u95ee": 0.0022288262,
    "\u9898": 0.0022288262,
    "\u7eed": 0.0022288262,
    "\u672a": 0.0022288262,
    "\u6211": 0.0022288262,
    "\u4ee3": 0.0014858841,
    "\u4e60": 0.0014858841,
    "\u9769": 0.0014858841,
    "\u547d": 0.0014858841,
    "\u5e73": 0.0014858841,
    "\u9053": 0.0014858841,
    "\u610f": 0.0014858841,
    "\u4e49": 0.0014858841,
    "\u7b26": 0.0014858841,
    "\u4ec5": 0.0014858841,
    "\u4e0e": 0.0014858841,
    "\u5982": 0.0014858841,
    "r": 0.0014858841,
    "A": 0.0014858841,
    "G": 0.0014858841,
    "g": 0.0014858841,
    "n": 0.0014858841,
    "\u67e5": 0.0014858841,
    "\u8be2": 0.0014858841,
    "\u4efb": 0.0014858841,
    "\u8bbe": 0.0014858841,
    "\u6d88": 0.0014858841,
    "\u606f": 0.0014858841,
    "\u5929": 0.0014858841,
    "\u7a81": 0.0014858841,
    "\u663e": 0.0014858841,
    "\u652f": 0.0014858841,
    "\u8d77": 0.0014858841,
    "\u65f6": 0.0014858841,
    "\u51b3": 0.0014858841,
    "\u6848": 0.0014858841,
    "\u53ca": 0.0014858841,
    "\u6574": 0.0014858841,
    "\u4f53": 0.0014858841,
    "\u5ea6": 0.0014858841,
    "\u8fd8": 0.0014858841,
    "\u8bb8": 0.0014858841,
    "\u4e1a": 0.0014858841,
    "\u7ffb": 0.0014858841,
    "\u8bd1": 0.0014858841,
    "\u6df1": 0.0014858841,
    "\u666f": 0.0014858841,
    "\u7f1d": 0.0014858841,
    "\u6210": 0.0014858841,
    "\u5458": 0.0014858841,
    "\u68c0": 0.0014858841,
    "\u5386": 0.0014858841,
    "\u53f2": 0.0014858841,
    "\u5e26": 0.0014858841,
    "\u6cbb": 0.0014858841,
    "\u89c4": 0.0014858841,
    "\u5219": 0.0014858841,
    "\u4f46": 0.0014858841,
    "\u6311": 0.0014858841,
    "\u6218": 0.0014858841,
    "\u8003": 0.0014858841,
    "\u8c61": 0.0014858841,
    "\u5e76": 0.0014858841,
    "\u5e38": 0.0014858841,
    "\u4fe1": 0.0014858841,
    "\u660e": 0.0014858841,
    "\u4e16": 0.0007429421,
    "\u754c": 0.0007429421,
    "\u94fa": 0.0007429421,
    "\u8def": 0.0007429421,
    "\uff08": 0.0007429421,
    "\uff09": 0.0007429421,
    "\u5f25": 0.0007429421,
    "\u8ba1": 0.0007429421,
    "\u5dee": 0.0007429421,
    "\u8ddd": 0.0007429421,
    "\u56de": 0.0007429421,
    "\u6700": 0.0007429421,
    "S": 0.0007429421,
    "x": 0.0007429421,
    "\u6267": 0.0007429421,
    "\u7f6e": 0.0007429421,
    "\u9192": 0.0007429421,
    "\u9001": 0.0007429421,
    "\u63a7": 0.0007429421,
    "\u5bb6": 0.0007429421,
    "\u5c45": 0.0007429421,
    "\u5907": 0.0007429421,
    "\u6c14": 0.0007429421,
    "\u7b80": 0.0007429421,
    "\u5355": 0.0007429421,
    "\u4ee4": 0.0007429421,
    "\u8bdd": 0.0007429421,
    "\u804a": 0.0007429421,
    "\u5347": 0.0007429421,
    "\u5373": 0.0007429421,
    "\u516c": 0.0007429421,
    "\u53f8": 0.0007429421,
    "\u9ad8": 0.0007429421,
    "\u6ee1": 0.0007429421,
    "\u6548": 0.0007429421,
    "\u7387": 0.0007429421,
    "\u5141": 0.0007429421,
    "\u4f01": 0.0007429421,
    "\u53cd": 0.0007429421,
    "\u9988": 0.0007429421,
    "\u60c5": 0.0007429421,
    "\u7eea": 0.0007429421,
    "\u800c": 0.0007429421,
    "\u8d39": 0.0007429421,
    "\u597d": 0.0007429421,
    "\u5b9d": 0.0007429421,
    "\u8d35": 0.0007429421,
    "\u53e6": 0.0007429421,
    "\u4e8e": 0.0007429421,
    "\u50cf": 0.0007429421,
    "T": 0.0007429421,
    "D": 0.0007429421,
    "p": 0.0007429421,
    "\u5f7b": 0.0007429421,
    "\u5e95": 0.0007429421,
    "\u8de8": 0.0007429421,
    "\u8d8a": 0.0007429421,
    "\u969c": 0.0007429421,
    "\u788d": 0.0007429421,
    "\u53f0": 0.0007429421,
    "\u5148": 0.0007429421,
    "\u5168": 0.0007429421,
    "\u7403": 0.0007429421,
    "\u8fdc": 0.0007429421,