{
    "o": 0.08619,
    "e": 0.08435,
    "a": 0.0506,
    "l": 0.05693,
    "t": 0.04609,
    "s": 0.04609,
    "n": 0.04609,
    "i": 0.04609,
    "k": 0.04356,
    "v": 0.04287,
    "p": 0.04102,
    "d": 0.0378,
    "m": 0.03687,
    "r": 0.03065,
    "\u00e1": 0.03042,
    "z": 0.02236,
    "\u00e9": 0.02097,
    "u": 0.02074,
    "h": 0.01982,
    "y": 0.01936,
    "j": 0.0189,
    "\u00ed": 0.0189,
    "c": 0.01798,
    "\u0159": 0.01475,
    "\u017e": 0.01175,
    "\u011b": 0.01129,
    "\u00fd": 0.0083,
    "\u010d": 0.00807,
    "b": 0.00807,
    "x": 0.00507,
    "\u0161": 0.00392,
    "g": 0.00323,
    "\u016f": 0.003,
    "\u00fa": 0.00092,
    "\u2013": 0.00092,
    "f": 0.00092,
    "\u201e": 0.00069,
    "\u201c": 0.00069,
    "wordLength5": 0.18675,
    "wordLength2": 0.15301,
    "wordLength7": 0.11687,
    "wordLength3": 0.1,
    "wordLength8": 0.09277,
    "wordLength6": 0.09157,
    "wordLength4": 0.06867,
    "wordLength1": 0.06627,
    "wordLength9": 0.05542,
    "wordLength10": 0.03976,
    "wordLength11": 0.02048,
    "wordLength15": 0.00482,
    "wordLength12": 0.00361,
    "se": 0.02771,
    "sv\u00e9": 0.0241,
    "na": 0.01807,
    "ji": 0.01807,
    "do": 0.01687,
    "to": 0.01446,
    "ale": 0.01325,
    "mal\u00e1": 0.01325,
    "\u0159\u00e1dka": 0.01325,
    "\u017eij\u00ed": 0.01205,
    "\u017ee": 0.01084,
    "je": 0.00843,
    "zem\u011b": 0.00843,
    "kde": 0.00843,
    "slep\u00e9": 0.00843,
    "texty": 0.00843,
    "j\u00ed": 0.00843,
    "tam": 0.00843,
    "slep\u00e1": 0.00843
}