{
    "character_frequency": {
        "o": 0.0852731044,
        "e": 0.084351233,
        "a": 0.0811246831,
        "l": 0.0560036875,
        "t": 0.0460935699,
        "n": 0.0460935699,
        "i": 0.044480295,
        "s": 0.0433279558,
        "k": 0.0419451487,
        "v": 0.0410232773,
        "p": 0.0387185988,
        "m": 0.0361834524,
        "d": 0.0354920489,
        "r": 0.030652224,
        "\u00e1": 0.0304217562,
        "z": 0.02143351,
        "\u00e9": 0.0209725743,
        "u": 0.0207421065,
        "h": 0.0198202351,
        "y": 0.0193592994,
        "\u00ed": 0.0188983637,
        "j": 0.0179764923,
        "c": 0.0179764923,
        "\u0159": 0.013828071,
        "\u017e": 0.0117538603,
        "\u011b": 0.0112929246,
        "\u00fd": 0.0082968426,
        "\u010d": 0.0080663747,
        "b": 0.0080663747,
        "x": 0.0050702927,
        "\u0161": 0.0039179534,
        "g": 0.0032265499,
        "A": 0.0032265499,
        "\u016f": 0.002996082,
        "S": 0.0027656142,
        "D": 0.0023046785,
        "P": 0.0023046785,
        "V": 0.0018437428,
        "I": 0.0016132749,
        "K": 0.0016132749,
        "J": 0.0009218714,
        "\u00fa": 0.0009218714,
        "\u2013": 0.0009218714,
        "f": 0.0009218714,
        "L": 0.0009218714,
        "O": 0.0009218714,
        "Z": 0.0009218714,
        "\u0158": 0.0009218714,
        "\u201e": 0.0006914035,
        "\u201c": 0.0006914035,
        "M": 0.0006914035
    },
    "word_length_frequency": {
        "wordLength5": 0.1876513317,
        "wordLength2": 0.1537530266,
        "wordLength7": 0.117433414,
        "wordLength3": 0.0968523002,
        "wordLength8": 0.093220339,
        "wordLength6": 0.0920096852,
        "wordLength4": 0.0690072639,
        "wordLength1": 0.0653753027,
        "wordLength9": 0.0556900726,
        "wordLength10": 0.0399515738,
        "wordLength11": 0.0205811138,
        "wordLength15": 0.004842615,
        "wordLength12": 0.0036319613
    }
}