{
    "character_frequency": {
        "e": 0.1706406205,
        "n": 0.0767020971,
        "t": 0.0706693479,
        "r": 0.0669347889,
        "d": 0.0643493249,
        "s": 0.0606147659,
        "i": 0.059178397,
        "l": 0.0577420282,
        "a": 0.0542947429,
        "g": 0.046538351,
        "o": 0.0410801494,
        "k": 0.0379201379,
        "v": 0.0324619362,
        "b": 0.0278655559,
        "m": 0.0192473427,
        "h": 0.0172364263,
        "f": 0.0172364263,
        "u": 0.0158000575,
        "p": 0.0094800345,
        "\u00e6": 0.0089054869,
        "y": 0.0074691181,
        "j": 0.006320023,
        "\u00e5": 0.006320023,
        "\u00f8": 0.0051709279,
        "D": 0.003734559,
        "L": 0.0022981902,
        "E": 0.0020109164,
        "K": 0.0020109164,
        "S": 0.0014363689,
        "M": 0.0014363689,
        "B": 0.0014363689,
        "\"": 0.0011490951,
        "\u2013": 0.0008618213,
        "H": 0.0008618213,
        "A": 0.0008618213,
        "U": 0.0005745475,
        "O": 0.0005745475,
        "V": 0.0005745475
    },
    "word_length_frequency": {
        "wordLength3": 0.2219061166,
        "wordLength2": 0.1692745377,
        "wordLength5": 0.1493598862,
        "wordLength4": 0.1095305832,
        "wordLength6": 0.1081081081,
        "wordLength9": 0.0512091038,
        "wordLength7": 0.0483641536,
        "wordLength8": 0.039829303,
        "wordLength10": 0.0241820768,
        "wordLength11": 0.0241820768,
        "wordLength1": 0.0199146515,
        "wordLength12": 0.0184921764,
        "wordLength14": 0.0085348506,
        "wordLength16": 0.0042674253,
        "wordLength17": 0.0028449502
    }
}