{
    "e": 0.16861,
    "r": 0.0816,
    "n": 0.07599,
    "t": 0.06846,
    "d": 0.0656,
    "s": 0.0603,
    "a": 0.0585,
    "l": 0.05394,
    "i": 0.01988,
    "g": 0.0479,
    "o": 0.04568,
    "k": 0.03614,
    "m": 0.03306,
    "v": 0.02448,
    "f": 0.0231,
    "b": 0.01971,
    "u": 0.01452,
    "h": 0.01346,
    "p": 0.01198,
    "\u00e6": 0.01039,
    "\u00e5": 0.01017,
    "y": 0.00837,
    "\u00f8": 0.0071,
    "j": 0.00668,
    "c": 0.00191,
    "\u2013": 0.00032,
    "\u00e9": 0.00011,
    "wordLength2": 0.22515,
    "wordLength3": 0.19334,
    "wordLength5": 0.14314,
    "wordLength6": 0.10885,
    "wordLength4": 0.10487,
    "wordLength7": 0.05318,
    "wordLength9": 0.04274,
    "wordLength8": 0.03877,
    "wordLength10": 0.02883,
    "wordLength1": 0.02137,
    "wordLength11": 0.0159,
    "wordLength12": 0.00895,
    "wordLength13": 0.00497,
    "wordLength14": 0.00398,
    "wordLength15": 0.00199,
    "wordLength16": 0.00149,
    "wordLength17": 0.00149,
    "wordLength18": 0.00099,
    "og": 0.05666,
    "en": 0.03678,
    "er": 0.02584,
    "at": 0.02137,
    "de": 0.01839,
    "det": 0.0169,
    "af": 0.0164,
    "med": 0.01541,
    "den": 0.01441,
    "p\u00e5": 0.01441,
    "til": 0.01292,
    "der": 0.01243,
    "et": 0.01093,
    "hun": 0.00944,
    "om": 0.00795,
    "hvor": 0.00746,
    "kan": 0.00746,
    "hende": 0.00746,
    "for": 0.00746
}