{
    "e": 0.17618,
    "n": 0.10493,
    "i": 0.07992,
    "r": 0.06895,
    "s": 0.06187,
    "t": 0.06104,
    "a": 0.05768,
    "d": 0.04898,
    "h": 0.0473,
    "u": 0.03548,
    "l": 0.0354,
    "c": 0.03004,
    "m": 0.02879,
    "g": 0.02843,
    "o": 0.02216,
    "b": 0.01984,
    "w": 0.01808,
    "f": 0.01533,
    "z": 0.01264,
    "k": 0.01169,
    "v": 0.00832,
    "\u00fc": 0.00655,
    "p": 0.00495,
    "\u00e4": 0.0045,
    "\u00df": 0.00389,
    "\u00f6": 0.00318,
    "j": 0.0025,
    "x": 0.00086,
    "y": 0.00032,
    "\u2013": 6e-05,
    "\u201e": 6e-05,
    "\u201c": 6e-05,
    "q": 1e-05,
    "wordLength3": 0.27566,
    "wordLength5": 0.13911,
    "wordLength4": 0.13475,
    "wordLength6": 0.11232,
    "wordLength2": 0.08052,
    "wordLength7": 0.06223,
    "wordLength8": 0.05063,
    "wordLength9": 0.03946,
    "wordLength10": 0.03215,
    "wordLength11": 0.02974,
    "wordLength12": 0.01707,
    "wordLength13": 0.01072,
    "wordLength14": 0.00819,
    "wordLength15": 0.0023,
    "wordLength16": 0.00142,
    "wordLength18": 0.00119,
    "wordLength17": 0.00111,
    "wordLength19": 0.00046,
    "wordLength21": 0.00038,
    "wordLength1": 0.00034,
    "wordLength20": 0.00027,
    "und": 0.02931,
    "die": 0.02893,
    "der": 0.02235,
    "das": 0.01818,
    "sie": 0.01787,
    "er": 0.01768,
    "es": 0.01535,
    "zu": 0.01393,
    "mit": 0.01274,
    "in": 0.01228,
    "war": 0.01114,
    "sich": 0.01091,
    "den": 0.01079,
    "von": 0.01041,
    "nicht": 0.01029,
    "als": 0.00896,
    "ein": 0.00785,
    "dem": 0.00781,
    "auf": 0.00777,
    "einer": 0.00685
}