{
    "character_frequency": {
        "e": 0.174714875,
        "n": 0.1051929143,
        "i": 0.0825446898,
        "r": 0.0664482731,
        "t": 0.0575507563,
        "s": 0.0552050473,
        "a": 0.0531828844,
        "d": 0.0474399418,
        "h": 0.0440427081,
        "l": 0.0338105638,
        "u": 0.0337296773,
        "c": 0.0291191458,
        "g": 0.0243063981,
        "m": 0.0231335436,
        "o": 0.022405565,
        "b": 0.0181185796,
        "w": 0.0142764701,
        "k": 0.0110410095,
        "z": 0.0097063819,
        "f": 0.0082908679,
        "p": 0.0066731376,
        "\u00fc": 0.0063900348,
        "S": 0.0055811696,
        "B": 0.0049340775,
        "\u00e4": 0.0048936342,
        "v": 0.0046105314,
        "W": 0.0041656556,
        "A": 0.0033567904,
        "\u00df": 0.0032759039,
        "H": 0.0032759039,
        "x": 0.0032354606,
        "L": 0.0029119146,
        "E": 0.0028714713,
        "M": 0.0025479253,
        "G": 0.0024670387,
        "D": 0.0024670387,
        "K": 0.0024670387,
        "F": 0.0023861522,
        "I": 0.0017795034,
        "\u00f6": 0.0015772871,
        "y": 0.0013346275,
        "U": 0.0012941843,
        "j": 0.0012941843,
        "N": 0.0011324112,
        "Z": 0.0009301949,
        "P": 0.0008493084,
        "O": 0.0008088652,
        "T": 0.0007684219,
        "V": 0.0007684219,
        "C": 0.0007684219,
        "J": 0.0006875354,
        "R": 0.0006470921,
        "\"": 0.0006470921,
        "\u2013": 0.0003639893,
        "\u201e": 0.0003639893,
        "\u201c": 0.0003639893,
        "2": 0.000161773,
        "'": 0.0001213298,
        "0": 8.08865e-05,
        "1": 8.08865e-05,
        "4": 8.08865e-05,
        "\u00c4": 8.08865e-05,
        "9": 8.08865e-05,
        "q": 8.08865e-05,
        "\u00dc": 8.08865e-05
    },
    "word_length_frequency": {
        "wordLength3": 0.2713946971,
        "wordLength5": 0.13752964,
        "wordLength4": 0.133218366,
        "wordLength6": 0.1187755982,
        "wordLength2": 0.0916145721,
        "wordLength7": 0.0575555077,
        "wordLength8": 0.0463461953,
        "wordLength9": 0.0340590645,
        "wordLength10": 0.0310411727,
        "wordLength12": 0.0239275706,
        "wordLength11": 0.0206941151,
        "wordLength13": 0.0165984048,
        "wordLength14": 0.0090536754,
        "wordLength17": 0.0030178918,
        "wordLength18": 0.0019400733,
        "wordLength16": 0.0017245096,
        "wordLength19": 0.0006466911,
        "wordLength15": 0.0004311274,
        "wordLength21": 0.0004311274
    }
}