{
    "e": 0.1688982402,
    "n": 0.1214613619,
    "i": 0.080910482,
    "r": 0.0638867636,
    "t": 0.0583397093,
    "s": 0.0545141546,
    "u": 0.0449502678,
    "d": 0.0420811018,
    "h": 0.039020658,
    "a": 0.036151492,
    "l": 0.0334736037,
    "c": 0.0317521041,
    "o": 0.0283091048,
    "g": 0.0250573833,
    "m": 0.0162586075,
    "z": 0.0135807192,
    "k": 0.0131981637,
    "b": 0.0126243305,
    "w": 0.0122417751,
    "v": 0.0109028309,
    "f": 0.0107115532,
    "p": 0.0059296098,
    "P": 0.0055470543,
    "L": 0.0053557766,
    "D": 0.0053557766,
    "N": 0.0043993879,
    "\u00fc": 0.0042081102,
    "A": 0.0040168324,
    "S": 0.0038255547,
    "M": 0.0038255547,
    "E": 0.0038255547,
    "\u00e4": 0.0034429992,
    "\u00f6": 0.0034429992,
    "B": 0.0032517215,
    "T": 0.002869166,
    "K": 0.0026778883,
    "F": 0.0024866106,
    "V": 0.0022953328,
    "W": 0.0021040551,
    "y": 0.0019127774,
    "G": 0.0017214996,
    "I": 0.0015302219,
    "x": 0.0015302219,
    "U": 0.0011476664,
    "\u00df": 0.0011476664,
    "H": 0.0009563887,
    "Z": 0.0007651109,
    "R": 0.0005738332,
    "\u00dc": 0.0005738332,
    "C": 0.0003825555,
    "j": 0.0003825555,
    "O": 0.0001912777,
    "wordLength3": 0.2961038961,
    "wordLength5": 0.0753246753,
    "wordLength11": 0.074025974,
    "wordLength4": 0.0662337662,
    "wordLength2": 0.0623376623,
    "wordLength6": 0.0623376623,
    "wordLength8": 0.0571428571,
    "wordLength7": 0.0545454545,
    "wordLength9": 0.0545454545,
    "wordLength12": 0.0454545455,
    "wordLength13": 0.0441558442,
    "wordLength10": 0.0402597403,
    "wordLength14": 0.0207792208,
    "wordLength16": 0.0168831169,
    "wordLength15": 0.0077922078,
    "wordLength19": 0.0064935065,
    "wordLength17": 0.0064935065,
    "wordLength22": 0.0025974026,
    "wordLength20": 0.0025974026,
    "wordLength18": 0.0025974026,
    "wordLength21": 0.0012987013
}