{
    "character_frequency": {
        "e": 0.1353801957,
        "t": 0.0952509202,
        "a": 0.080258551,
        "n": 0.0732561271,
        "o": 0.0630218152,
        "r": 0.0610467726,
        "i": 0.0601490259,
        "h": 0.0591615046,
        "s": 0.0568273633,
        "l": 0.0479396714,
        "d": 0.0447077835,
        "c": 0.028189245,
        "u": 0.026573301,
        "m": 0.0223538917,
        "w": 0.0216356944,
        "f": 0.0172367358,
        "g": 0.0166980878,
        "y": 0.0141843972,
        "p": 0.0134661998,
        "v": 0.0117604812,
        "b": 0.0114911572,
        "k": 0.0067330999,
        "x": 0.0047580573,
        "L": 0.0026034653,
        "M": 0.0025136906,
        "I": 0.002423916,
        "'": 0.0022443666,
        "A": 0.0020648173,
        "B": 0.001615944,
        "T": 0.001615944,
        "S": 0.001615944,
        "q": 0.0012568453,
        "O": 0.001077296,
        "H": 0.001077296,
        "N": 0.0008977467,
        "\"": 0.0008977467,
        "j": 0.0008977467,
        "V": 0.0007181973,
        "F": 0.0007181973,
        "W": 0.0006284227,
        "z": 0.0006284227,
        "\u2013": 0.000538648,
        "D": 0.000538648,
        "E": 0.0004488733,
        "R": 0.0003590987,
        "C": 0.0001795493,
        "Y": 8.97747e-05,
        "U": 8.97747e-05,
        "G": 8.97747e-05,
        "P": 8.97747e-05
    },
    "word_length_frequency": {
        "wordLength3": 0.2775947282,
        "wordLength4": 0.186985173,
        "wordLength5": 0.1383855025,
        "wordLength2": 0.1013179572,
        "wordLength7": 0.0704283361,
        "wordLength6": 0.0675453048,
        "wordLength8": 0.044892916,
        "wordLength9": 0.0337726524,
        "wordLength1": 0.0325370675,
        "wordLength10": 0.0201812191,
        "wordLength11": 0.0185337727,
        "wordLength12": 0.0057660626,
        "wordLength13": 0.0020593081
    }
}