{
    "e": 0.12477,
    "t": 0.09105,
    "a": 0.01856,
    "o": 0.07639,
    "n": 0.07262,
    "i": 0.00619,
    "s": 0.06594,
    "r": 0.06064,
    "h": 0.05888,
    "d": 0.04259,
    "l": 0.03882,
    "c": 0.02814,
    "u": 0.02719,
    "m": 0.02495,
    "f": 0.02393,
    "w": 0.02006,
    "p": 0.01925,
    "g": 0.01898,
    "y": 0.01777,
    "b": 0.01436,
    "v": 0.01025,
    "k": 0.00644,
    "x": 0.00189,
    "j": 0.00124,
    "q": 0.00088,
    "z": 0.00074,
    "wordLength3": 0.21466,
    "wordLength2": 0.16686,
    "wordLength4": 0.14452,
    "wordLength5": 0.09627,
    "wordLength6": 0.08119,
    "wordLength7": 0.07568,
    "wordLength8": 0.05911,
    "wordLength9": 0.04176,
    "wordLength10": 0.03058,
    "wordLength1": 0.02598,
    "wordLength11": 0.01991,
    "wordLength12": 0.01407,
    "wordLength13": 0.00906,
    "wordLength14": 0.00628,
    "wordLength15": 0.0042,
    "wordLength16": 0.00293,
    "wordLength17": 0.00214,
    "wordLength18": 0.00156,
    "wordLength19": 0.00105,
    "wordLength20": 0.00075,
    "wordLength21": 0.00047,
    "wordLength22": 0.00033,
    "wordLength23": 0.00021,
    "wordLength24": 0.00012,
    "wordLength25": 8e-05,
    "wordLength26": 6e-05,
    "wordLength27": 4e-05,
    "wordLength28": 3e-05,
    "wordLength33": 1e-05,
    "wordLength29": 1e-05,
    "wordLength32": 1e-05,
    "wordLength30": 1e-05,
    "wordLength31": 1e-05,
    "wordLength34": 1e-05,
    "wordLength43": 0.0,
    "wordLength48": 0.0,
    "wordLength35": 0.0,
    "wordLength36": 0.0,
    "wordLength40": 0.0,
    "wordLength47": 0.0,
    "wordLength55": 0.0,
    "wordLength37": 0.0,
    "wordLength38": 0.0,
    "wordLength41": 0.0,
    "wordLength51": 0.0,
    "wordLength44": 0.0,
    "the": 0.06664,
    "of": 0.03596,
    "and": 0.03305,
    "to": 0.02577,
    "in": 0.01931,
    "he": 0.0107,
    "that": 0.01062,
    "was": 0.01013,
    "his": 0.00873,
    "is": 0.00872,
    "it": 0.0087,
    "with": 0.00852,
    "as": 0.00713,
    "had": 0.00652,
    "at": 0.00606,
    "for": 0.00605,
    "by": 0.00588,
    "not": 0.00581
}