{
    "character_frequency": {
        "a": 0.125317197,
        "e": 0.1151668944,
        "o": 0.080421628,
        "s": 0.0796408354,
        "n": 0.0630489947,
        "l": 0.0622682022,
        "r": 0.0597306266,
        "i": 0.0575834472,
        "u": 0.0484091353,
        "t": 0.0474331446,
        "c": 0.0423579934,
        "d": 0.0376732383,
        "p": 0.0269373414,
        "m": 0.0179582276,
        "g": 0.0158110482,
        "v": 0.0140542651,
        "y": 0.0136638688,
        "b": 0.0113214913,
        "\u00f3": 0.0109310951,
        "q": 0.0085887175,
        "\u00ed": 0.007807925,
        "x": 0.0056607457,
        "h": 0.0048799532,
        "\u00f1": 0.004684755,
        "j": 0.004684755,
        "L": 0.0040991606,
        "f": 0.0033183681,
        "\u00e1": 0.0033183681,
        "E": 0.0029279719,
        "\u00fa": 0.0021471794,
        "C": 0.0021471794,
        "z": 0.0019519813,
        "I": 0.001561585,
        "P": 0.0013663869,
        "A": 0.0013663869,
        "V": 0.0013663869,
        "U": 0.0011711888,
        "\"": 0.0011711888,
        "\u00e9": 0.0011711888,
        "N": 0.0007807925,
        "\u2013": 0.0007807925,
        "O": 0.0007807925,
        "M": 0.0007807925,
        "Y": 0.0005855944,
        "S": 0.0005855944,
        "D": 0.0005855944
    },
    "word_length_frequency": {
        "wordLength2": 0.2432432432,
        "wordLength5": 0.1342031687,
        "wordLength6": 0.1258154706,
        "wordLength3": 0.1202236719,
        "wordLength8": 0.0717614166,
        "wordLength4": 0.0708294501,
        "wordLength7": 0.0652376514,
        "wordLength1": 0.064305685,
        "wordLength9": 0.0288909599,
        "wordLength11": 0.0279589935,
        "wordLength10": 0.0223671948,
        "wordLength12": 0.0130475303,
        "wordLength13": 0.0093196645,
        "wordLength16": 0.0027958993
    }
}