{
    "a": 0.01578,
    "e": 0.11823,
    "o": 0.0813,
    "s": 0.08032,
    "l": 0.06645,
    "n": 0.0639,
    "r": 0.0598,
    "i": 0.05921,
    "u": 0.04964,
    "t": 0.04749,
    "c": 0.04456,
    "d": 0.0383,
    "p": 0.02834,
    "m": 0.01876,
    "g": 0.01583,
    "v": 0.01544,
    "y": 0.0455,
    "b": 0.01133,
    "\u00f3": 0.01094,
    "q": 0.0086,
    "\u00ed": 0.00782,
    "x": 0.00567,
    "h": 0.00489,
    "\u00f1": 0.00469,
    "j": 0.00469,
    "f": 0.00332,
    "\u00e1": 0.00332,
    "\u00fa": 0.00215,
    "z": 0.00195,
    "\u00e9": 0.00117,
    "\u2013": 0.00078,
    "wordLength2": 0.24234,
    "wordLength5": 0.1337,
    "wordLength6": 0.12535,
    "wordLength3": 0.12256,
    "wordLength8": 0.07149,
    "wordLength4": 0.07057,
    "wordLength1": 0.065,
    "wordLength7": 0.065,
    "wordLength9": 0.02878,
    "wordLength11": 0.02786,
    "wordLength10": 0.02228,
    "wordLength12": 0.013,
    "wordLength13": 0.00929,
    "wordLength16": 0.00279,
    "de": 0.05757,
    "la": 0.04364,
    "su": 0.02786,
    "el": 0.02414,
    "las": 0.02228,
    "una": 0.0195,
    "en": 0.0195,
    "que": 0.01857,
    "los": 0.01671,
    "no": 0.01578,
    "se": 0.01393,
    "un": 0.013,
    "texto": 0.013,
    "ciego": 0.013,
    "peque\u00f1o": 0.01207,
    "pero": 0.01021,
    "donde": 0.00929,
    "viven": 0.00929
}