{
    "character_frequency": {
        "e": 0.1598951507,
        "t": 0.0822775593,
        "s": 0.0818406873,
        "a": 0.0745594874,
        "l": 0.0690257754,
        "i": 0.0685889035,
        "n": 0.0643658075,
        "r": 0.0602883355,
        "u": 0.0532983836,
        "o": 0.0484927916,
        "d": 0.0302897918,
        "p": 0.0294160478,
        "v": 0.0243192078,
        "c": 0.0227173438,
        "m": 0.0199504878,
        "g": 0.0199504878,
        "\u00e9": 0.0151448959,
        "q": 0.0100480559,
        "'": 0.0071355759,
        "h": 0.0068443279,
        "x": 0.006116208,
        "L": 0.005388088,
        "b": 0.004659968,
        "f": 0.003786224,
        "j": 0.003349352,
        "y": 0.003203728,
        "M": 0.002766856,
        "\u00e8": 0.002621232,
        "\u00f4": 0.002038736,
        "I": 0.002038736,
        "\u00e0": 0.002038736,
        "\u00f9": 0.001893112,
        "E": 0.001893112,
        "U": 0.001164992,
        "\"": 0.001164992,
        "C": 0.00072812,
        "\u00ea": 0.00072812,
        "\u2013": 0.00072812,
        "O": 0.00072812,
        "V": 0.00072812,
        "A": 0.00072812,
        "R": 0.00072812,
        "\u00fb": 0.000582496,
        "\u00ee": 0.000582496,
        "S": 0.000582496,
        "D": 0.000582496
    },
    "word_length_frequency": {
        "wordLength2": 0.2168172342,
        "wordLength3": 0.1619179986,
        "wordLength4": 0.1306462821,
        "wordLength5": 0.1153578874,
        "wordLength6": 0.0931202224,
        "wordLength8": 0.0715774844,
        "wordLength7": 0.0555941626,
        "wordLength9": 0.0472550382,
        "wordLength1": 0.0403057679,
        "wordLength10": 0.0361362057,
        "wordLength11": 0.0187630299,
        "wordLength12": 0.0062543433,
        "wordLength13": 0.0062543433
    }
}