{
    "e": 0.1488527162,
    "s": 0.094332222,
    "t": 0.0798195725,
    "n": 0.0770739361,
    "i": 0.0757011179,
    "a": 0.0656991567,
    "r": 0.0547166111,
    "l": 0.0537360267,
    "o": 0.0502059227,
    "u": 0.046283585,
    "d": 0.0417728966,
    "c": 0.0323592861,
    "m": 0.0294175328,
    "p": 0.0286330653,
    "\u00e9": 0.0227495587,
    "g": 0.0127475976,
    "v": 0.0127475976,
    "h": 0.0090213767,
    "f": 0.0084330261,
    "q": 0.006864091,
    "L": 0.0062757403,
    "x": 0.0056873897,
    "'": 0.0052951559,
    "P": 0.0041184546,
    "b": 0.0041184546,
    "\u00e0": 0.0037262208,
    "N": 0.0037262208,
    "\u00e8": 0.0029417533,
    "y": 0.0023534026,
    "C": 0.0019611689,
    "j": 0.0011767013,
    "E": 0.0011767013,
    "D": 0.0009805844,
    "A": 0.0005883507,
    "\u00f4": 0.0005883507,
    "S": 0.0003922338,
    "G": 0.0003922338,
    "\u00ea": 0.0003922338,
    "I": 0.0003922338,
    "\u00e2": 0.0003922338,
    "\u00f9": 0.0003922338,
    "\u00e7": 0.0001961169,
    "U": 0.0001961169,
    "T": 0.0001961169,
    "z": 0.0001961169,
    "M": 0.0001961169,
    "\u00ef": 0.0001961169,
    "\u0153": 0.0001961169,
    "\u00c0": 0.0001961169,
    "B": 0.0001961169,
    "wordLength2": 0.2227027027,
    "wordLength3": 0.1697297297,
    "wordLength7": 0.0810810811,
    "wordLength9": 0.0735135135,
    "wordLength8": 0.0713513514,
    "wordLength4": 0.0659459459,
    "wordLength5": 0.0551351351,
    "wordLength1": 0.0508108108,
    "wordLength6": 0.0497297297,
    "wordLength10": 0.0486486486,
    "wordLength11": 0.0443243243,
    "wordLength12": 0.0313513514,
    "wordLength13": 0.0227027027,
    "wordLength16": 0.0054054054,
    "wordLength14": 0.0054054054,
    "wordLength15": 0.0021621622
}