{
    "e": 0.16314,
    "s": 0.08311,
    "t": 0.08297,
    "a": 0.07592,
    "l": 0.07504,
    "i": 0.07122,
    "n": 0.0649,
    "r": 0.06153,
    "u": 0.05492,
    "o": 0.04963,
    "d": 0.03113,
    "p": 0.02966,
    "v": 0.02526,
    "c": 0.02364,
    "m": 0.02291,
    "g": 0.02012,
    "\u00e9": 0.01527,
    "q": 0.01013,
    "h": 0.0069,
    "x": 0.00617,
    "b": 0.0047,
    "f": 0.00382,
    "j": 0.00338,
    "y": 0.00323,
    "\u00e8": 0.00264,
    "\u00f4": 0.00206,
    "\u00e0": 0.00206,
    "\u00f9": 0.00191,
    "\u00ea": 0.00073,
    "\u2013": 0.00073,
    "\u00fb": 0.00059,
    "\u00ee": 0.00059,
    "wordLength2": 0.21809,
    "wordLength3": 0.16557,
    "wordLength4": 0.13056,
    "wordLength5": 0.11087,
    "wordLength6": 0.09701,
    "wordLength8": 0.0744,
    "wordLength7": 0.05835,
    "wordLength10": 0.04522,
    "wordLength9": 0.04303,
    "wordLength11": 0.01969,
    "wordLength1": 0.01386,
    "wordLength14": 0.01094,
    "wordLength12": 0.00656,
    "wordLength13": 0.00584,
    "de": 0.03866,
    "et": 0.0372,
    "la": 0.03647,
    "des": 0.02407,
    "le": 0.02334,
    "elle": 0.02188,
    "les": 0.01896,
    "un": 0.01678,
    "pas": 0.01605,
    "sa": 0.01386,
    "dans": 0.01313,
    "une": 0.01313,
    "texte": 0.01313,
    "aveugle": 0.01313,
    "en": 0.01313,
    "ne": 0.0124,
    "ils": 0.0124,
    "petit": 0.0124,
    "son": 0.0124,
    "que": 0.01167
}