{
    "e": 0.11274,
    "a": 0.09419,
    "t": 0.07409,
    "l": 0.07369,
    "n": 0.06268,
    "s": 0.05286,
    "k": 0.05186,
    "i": 0.04365,
    "o": 0.04145,
    "m": 0.03925,
    "r": 0.03744,
    "\u00e9": 0.03664,
    "g": 0.03544,
    "z": 0.03424,
    "\u00e1": 0.02843,
    "y": 0.02603,
    "v": 0.02543,
    "d": 0.02143,
    "b": 0.01942,
    "\u00f6": 0.01201,
    "u": 0.01181,
    "j": 0.01001,
    "f": 0.00981,
    "h": 0.00941,
    "p": 0.00861,
    "\u00f3": 0.00801,
    "\u0151": 0.00601,
    "\u00ed": 0.00441,
    "\u00fc": 0.00441,
    "c": 0.00441,
    "\u0171": 0.0012,
    "\u00fa": 0.0008,
    "\u2013": 0.0006,
    "(": 0.0006,
    ")": 0.0004,
    "wordLength6": 0.12558,
    "wordLength2": 0.11395,
    "wordLength4": 0.10465,
    "wordLength1": 0.09767,
    "wordLength7": 0.09651,
    "wordLength8": 0.09535,
    "wordLength5": 0.09419,
    "wordLength3": 0.07209,
    "wordLength9": 0.05698,
    "wordLength10": 0.05233,
    "wordLength11": 0.0314,
    "wordLength12": 0.02558,
    "wordLength13": 0.01279,
    "wordLength14": 0.01047,
    "wordLength15": 0.00349,
    "wordLength16": 0.00349,
    "wordLength18": 0.00116,
    "wordLength22": 0.00116,
    "wordLength20": 0.00116,
    "\u00e9s": 0.05465,
    "az": 0.03488,
    "hogy": 0.01628,
    "volt": 0.01512,
    "egy": 0.01512,
    "falu": 0.01279,
    "magyar": 0.01163,
    "nem": 0.01047,
    "nyelv": 0.01047,
    "finnugor": 0.0093,
    "minden": 0.00814,
    "emberek": 0.00814,
    "idegen": 0.00814,
    "kis": 0.00698,
    "malom": 0.00698,
    "kell": 0.00698,
    "amikor": 0.00581,
    "valami": 0.00581,
    "palota": 0.00581
}