{
    "character_frequency": {
        "a": 0.1162892463,
        "e": 0.1125697407,
        "i": 0.1026145936,
        "o": 0.0930970353,
        "n": 0.0689202494,
        "l": 0.06771688,
        "r": 0.06574773,
        "t": 0.0626846078,
        "s": 0.050432119,
        "c": 0.0482441746,
        "u": 0.0300842359,
        "d": 0.0289902636,
        "p": 0.025708347,
        "v": 0.025708347,
        "g": 0.0238485942,
        "m": 0.0168471721,
        "h": 0.007439011,
        "b": 0.0062356416,
        "z": 0.0061262444,
        "f": 0.00590745,
        "\u00f2": 0.0042664916,
        "M": 0.0041570944,
        "L": 0.002953725,
        "q": 0.0020785472,
        "\u00ec": 0.0017503555,
        "V": 0.0017503555,
        "\u00e0": 0.0014221639,
        "\u00f9": 0.0013127667,
        "'": 0.0012033694,
        "I": 0.0010939722,
        "A": 0.0010939722,
        "R": 0.0010939722,
        "C": 0.000984575,
        "U": 0.0008751778,
        "N": 0.0007657805,
        "S": 0.0007657805,
        "B": 0.0007657805,
        "T": 0.0006563833,
        "\u00e9": 0.0006563833,
        "\"": 0.0006563833,
        "D": 0.0006563833,
        "E": 0.0005469861,
        "\u00c8": 0.0004375889,
        "\u2013": 0.0004375889,
        "Q": 0.0004375889,
        "k": 0.0004375889,
        "y": 0.0004375889,
        "O": 0.0004375889,
        "F": 0.0003281917,
        "P": 0.0002187944,
        "G": 0.0001093972
    },
    "word_length_frequency": {
        "wordLength5": 0.1856421761,
        "wordLength2": 0.1508693214,
        "wordLength3": 0.1256309591,
        "wordLength6": 0.1183398766,
        "wordLength7": 0.1060011217,
        "wordLength1": 0.0768367919,
        "wordLength8": 0.0605720695,
        "wordLength4": 0.0555243971,
        "wordLength9": 0.0364554122,
        "wordLength11": 0.0325294448,
        "wordLength10": 0.0252383623,
        "wordLength12": 0.0140213124,
        "wordLength13": 0.0072910824,
        "wordLength14": 0.00448682,
        "wordLength15": 0.0005608525
    }
}