{
    "a": 0.01014,
    "e": 0.04955,
    "i": 0.01014,
    "o": 0.09371,
    "l": 0.0708,
    "n": 0.06982,
    "r": 0.06697,
    "t": 0.06346,
    "s": 0.05129,
    "c": 0.04932,
    "u": 0.03102,
    "d": 0.0297,
    "v": 0.02751,
    "p": 0.02598,
    "g": 0.024,
    "m": 0.02104,
    "h": 0.00745,
    "b": 0.00701,
    "f": 0.00625,
    "z": 0.00614,
    "\u00f2": 0.00427,
    "q": 0.00252,
    "\u00ec": 0.00175,
    "\u00e0": 0.00142,
    "\u00f9": 0.00132,
    "\u00e9": 0.00066,
    "\u00e8": 0.00044,
    "\u2013": 0.00044,
    "k": 0.00044,
    "y": 0.00044,
    "wordLength5": 0.18637,
    "wordLength2": 0.15146,
    "wordLength3": 0.12613,
    "wordLength6": 0.11712,
    "wordLength7": 0.10755,
    "wordLength1": 0.07489,
    "wordLength8": 0.06137,
    "wordLength4": 0.05293,
    "wordLength9": 0.03604,
    "wordLength11": 0.03378,
    "wordLength10": 0.02534,
    "wordLength12": 0.01351,
    "wordLength13": 0.00788,
    "wordLength14": 0.0045,
    "wordLength15": 0.00056,
    "wordLength16": 0.00056,
    "la": 0.03435,
    "il": 0.02872,
    "di": 0.02252,
    "sua": 0.01745,
    "che": 0.01745,
    "le": 0.01689,
    "una": 0.01577,
    "della": 0.01464,
    "un": 0.01295,
    "marco": 0.01182,
    "delle": 0.01126,
    "in": 0.0107,
    "non": 0.0107,
    "testo": 0.01014,
    "era": 0.00901,
    "nella": 0.00901,
    "ma": 0.00845
}