{
    "character_frequency": {
        "\u306e": 0.0423005566,
        "\u3057": 0.0382189239,
        "\u3001": 0.0374768089,
        "\u5f7c": 0.0252319109,
        "\u306f": 0.0244897959,
        "\u306a": 0.0230055659,
        "\u3092": 0.0230055659,
        "\u307e": 0.0222634508,
        "\u3002": 0.0204081633,
        "\u3067": 0.0189239332,
        "\u305f": 0.0181818182,
        "\u5973": 0.0181818182,
        "\u306b": 0.0174397032,
        "\u6587": 0.0159554731,
        "\u3066": 0.0148423006,
        "\u3044": 0.013729128,
        "\u304c": 0.013729128,
        "\u3059": 0.0133580705,
        "\u3068": 0.0133580705,
        "\u3089": 0.0133580705,
        "\u30f3": 0.012987013,
        "\u308b": 0.012244898,
        "\u305d": 0.0118738404,
        "\u304b": 0.0115027829,
        "\u30a4": 0.0115027829,
        "\u3055": 0.0111317254,
        "\u304d": 0.0111317254,
        "\u308c": 0.0100185529,
        "\u308a": 0.0089053803,
        "\u30fc": 0.0089053803,
        "\u5927": 0.0085343228,
        "\u30c3": 0.0081632653,
        "\u76f2": 0.0077922078,
        "\u3053": 0.0077922078,
        "\u30af": 0.0077922078,
        "\u5c0f": 0.0074211503,
        "\u30b3": 0.0074211503,
        "\u3093": 0.0066790353,
        "\u30e9": 0.0066790353,
        "\u305b": 0.0063079777,
        "\u3063": 0.0063079777,
        "\u8fbc": 0.0055658627,
        "\u30b9": 0.0055658627,
        "\u30c8": 0.0055658627,
        "\u5b57": 0.0055658627,
        "\u3082": 0.0055658627,
        "\u3046": 0.0051948052,
        "\u3042": 0.0051948052,
        "\u30ed": 0.0051948052,
        "\u3081": 0.0044526902,
        "\u30eb": 0.0044526902,
        "\u51fa": 0.0040816327,
        "\u6751": 0.0040816327,
        "\u5207": 0.0040816327,
        "\u307f": 0.0040816327,
        "\u753a": 0.0040816327,
        "\u56fd": 0.0037105751,
        "\u3051": 0.0037105751,
        "\u30d4": 0.0033395176,
        "\u4f55": 0.0033395176,
        "\u5ea6": 0.0033395176,
        "\u3060": 0.0033395176,
        "\u304f": 0.0033395176,
        "\u4e00": 0.0029684601,
        "\u3088": 0.0029684601,
        "\u751f": 0.0029684601,
        "\u884c": 0.0029684601,
        "\u30e0": 0.0029684601,
        "\u30b5": 0.0029684601,
        "\uff08": 0.0029684601,
        "\uff09": 0.0029684601,
        "\u30d9": 0.0029684601,
        "\u6700": 0.0029684601,
        "\u7ae0": 0.0025974026,
        "\u5168": 0.0025974026,
        "\u30c6": 0.0025974026,
        "\u30d7": 0.0025974026,
        "\u5e83": 0.0025974026,
        "\u30de": 0.0025974026,
        "\u7591": 0.0025974026,
        "\u554f": 0.0025974026,
        "\u88cf": 0.0025974026,
        "\u30bb": 0.0025974026,
        "\u3064": 0.0025974026,
        "\u30b7": 0.0025974026,
        "\u30bf": 0.0025974026,
        "\u30ea": 0.0025974026,
        "\u5c71": 0.0025974026,
        "\u30c9": 0.0025974026,
        "\u81ea": 0.0025974026,
        "\u5206": 0.0025974026,
        "\u6d41": 0.0022263451,
        "\u66f8": 0.0022263451,
        "\u76f4": 0.0022263451,
        "\u3079": 0.0022263451,
        "\u544a": 0.0022263451,
        "\u5f97": 0.0022263451,
        "\u305a": 0.0022263451,
        "\u30b8": 0.0022263451,
        "\u30a7": 0.0022263451,
        "\u4f7f": 0.0022263451,
        "\u7528": 0.0022263451,
        "\u8a00": 0.0022263451,
        "\u3005": 0.0022263451,
        "\u97f3": 0.0022263451,
        "\u4f4f": 0.0022263451,
        "\u6d77": 0.0022263451,
        "\u300c": 0.0018552876,
        "\u300d": 0.0018552876,
        "\u713c": 0.0014842301,
        "\u90e8": 0.0014842301,
        "\u53e3": 0.0014842301,
        "\u98db": 0.0014842301,
        "\u3073": 0.0014842301,
        "\u3080": 0.0014842301,
        "\u697d": 0.0014842301,
        "\u5712": 0.0014842301,
        "\u80fd": 0.0014842301,
        "\u53e5": 0.0014842301,
        "\u8aad": 0.0014842301,
        "\u70b9": 0.0014842301,
        "\u3048": 0.0014842301,
        "\u76ee": 0.0014842301,
        "\u7684": 0.0014842301,
        "\u30ad": 0.0014842301,
        "\u5236": 0.0014842301,
        "\u5fa1": 0.0014842301,
        "\u2013": 0.0014842301,
        "\u307b": 0.0014842301,
        "\u3069": 0.0014842301,
        "\u7121": 0.0014842301,
        "\u6b63": 0.0014842301,
        "\u6d3b": 0.0014842301,
        "\u9001": 0.0014842301,
        "\u65e5": 0.0014842301,
        "\u540d": 0.0014842301,
        "\u524d": 0.0014842301,
        "\u30ec": 0.0014842301,
        "\u30fb": 0.0014842301,
        "\u592a": 0.0014842301,
        "\u90ce": 0.0014842301,
        "\u4f8b": 0.0014842301,
        "\u6cd5": 0.0014842301,
        "\u4e16": 0.0014842301,
        "\u754c": 0.0014842301,
        "\u6c7a": 0.0014842301,
        "\u5fc3": 0.0014842301,
        "\u30aa": 0.0014842301,
        "\u30e2": 0.0014842301,
        "\u4f5c": 0.0014842301,
        "\u3084": 0.0014842301,
        "\u52e7": 0.0014842301,
        "\u305c": 0.0014842301,
        "\u60aa": 0.0014842301,
        "\u91ce": 0.0014842301,
        "\u7b26": 0.0014842301,
        "\u30df": 0.0014842301,
        "\u6ea2": 0.0014842301,
        "\u52d5": 0.0014842301,
        "\u3058": 0.0014842301,
        "\u4e03": 0.0014842301,
        "\u8a70": 0.0014842301,
        "\u30cb": 0.0014842301,
        "\u30e3": 0.0014842301,
        "\u5dee": 0.0014842301,
        "\u767a": 0.0014842301,
        "\u8108": 0.0014842301,
        "\u521d": 0.0014842301,
        "\u4e18": 0.0014842301,
        "\u767b": 0.0014842301,
        "\u6545": 0.0014842301,
        "\u90f7": 0.0014842301,
        "\u30ab": 0.0014842301,
        "\u30a2": 0.0014842301,
        "\u30d5": 0.0014842301,
        "\u30a1": 0.0014842301,
        "\u30d8": 0.0014842301,
        "\u901a": 0.0014842301,
        "\u30d6": 0.0014842301,
        "\u8def": 0.0014842301,
        "\u5f8c": 0.0014842301,
        "\u77a5": 0.0014842301,
        "\u6295": 0.0014842301,
        "\u3052": 0.0014842301,
        "\u30e1": 0.0011131725,
        "\u4fee": 0.0011131725,
        "\u8f9e": 0.0011131725,
        "\u982c": 0.0011131725,
        "\u65c5": 0.0011131725,
        "\u7d9a": 0.0011131725,
        "\u9014": 0.0011131725,
        "\u4e2d": 0.0011131725,
        "\u4f1a": 0.0011131725,
        "\u6765": 0.0011131725,
        "\u5834": 0.0011131725,
        "\u6240": 0.0011131725,
        "\u304a": 0.0011131725,
        "\u8d77": 0.0011131725,
        "\u6e90": 0.0011131725,
        "\u6b8b": 0.0011131725,
        "\u623b": 0.0011131725,
        "\u5b89": 0.0011131725,
        "\u5e30": 0.0011131725,
        "\u8b66": 0.0011131725,
        "\u8aac": 0.0011131725,
        "\u7d0d": 0.0011131725,
        "\u5f85": 0.0011131725,
        "\u3061": 0.0011131725,
        "\u4f0f": 0.0011131725,
        "\u9577": 0.0011131725,
        "\u30ac": 0.0011131725,
        "\u9154": 0.0011131725,
        "\u308f": 0.0011131725,
        "\u30a8": 0.0011131725,
        "\u5f15": 0.0011131725,
        "\u8449": 0.0011131725,
        "\u5411": 0.0011131725,
        "\u6bcd": 0.0011131725,
        "\u5b50": 0.0011131725,
        "\u9060": 0.0011131725,
        "\u96e2": 0.0011131725,
        "\u5b64": 0.0011131725,
        "\u7acb": 0.0011131725,
        "\u30a3": 0.0011131725,
        "\u5cb8": 0.0011131725,
        "\u8a9e": 0.0011131725,
        "\u30a5": 0.0011131725,
        "\u30c7": 0.0011131725,
        "\u5ddd": 0.0011131725,
        "\u5fc5": 0.0011131725,
        "\u8981": 0.0011131725,
        "\u898f": 0.0011131725,
        "\u5247": 0.0011131725,
        "\u63d0": 0.0011131725,
        "\u4f9b": 0.0011131725,
        "\u4eee": 0.000742115
    },
    "word_length_frequency": {
        "wordLength2": 0.0909090909,
        "wordLength9": 0.0858585859,
        "wordLength6": 0.0808080808,
        "wordLength3": 0.0656565657,
        "wordLength20": 0.0656565657,
        "wordLength21": 0.0505050505,
        "wordLength13": 0.0505050505,
        "wordLength15": 0.0505050505,
        "wordLength7": 0.0404040404,
        "wordLength22": 0.0404040404,