{
    "\u306e": 0.0423,
    "\u3057": 0.03822,
    "\u3001": 0.03748,
    "\u5f7c": 0.02523,
    "\u306f": 0.02449,
    "\u306a": 0.02301,
    "\u3092": 0.02301,
    "\u307e": 0.02226,
    "\u3002": 0.02041,
    "\u3067": 0.01892,
    "\u305f": 0.01818,
    "\u5973": 0.01818,
    "\u306b": 0.01744,
    "\u6587": 0.01596,
    "\u3066": 0.01484,
    "\u3044": 0.01373,
    "\u304c": 0.01373,
    "\u3059": 0.01336,
    "\u3068": 0.01336,
    "\u3089": 0.01336,
    "\u30f3": 0.01299,
    "\u308b": 0.01224,
    "\u305d": 0.01187,
    "\u304b": 0.0115,
    "\u30a4": 0.0115,
    "\u3055": 0.01113,
    "\u304d": 0.01113,
    "\u308c": 0.01002,
    "\u308a": 0.00891,
    "\u30fc": 0.00891,
    "\u5927": 0.00853,
    "\u30c3": 0.00816,
    "\u76f2": 0.00779,
    "\u3053": 0.00779,
    "\u30af": 0.00779,
    "\u5c0f": 0.00742,
    "\u30b3": 0.00742,
    "\u3093": 0.00668,
    "\u30e9": 0.00668,
    "\u305b": 0.00631,
    "\u3063": 0.00631,
    "\u8fbc": 0.00557,
    "\u30b9": 0.00557,
    "\u30c8": 0.00557,
    "\u5b57": 0.00557,
    "\u3082": 0.00557,
    "\u3046": 0.00519,
    "\u3042": 0.00519,
    "\u30ed": 0.00519,
    "\u3081": 0.00445,
    "\u30eb": 0.00445,
    "\u51fa": 0.00408,
    "\u6751": 0.00408,
    "\u5207": 0.00408,
    "\u307f": 0.00408,
    "\u753a": 0.00408,
    "\u56fd": 0.00371,
    "\u3051": 0.00371,
    "\u30d4": 0.00334,
    "\u4f55": 0.00334,
    "\u5ea6": 0.00334,
    "\u3060": 0.00334,
    "\u304f": 0.00334,
    "\u4e00": 0.00297,
    "\u3088": 0.00297,
    "\u751f": 0.00297,
    "\u884c": 0.00297,
    "\u30e0": 0.00297,
    "\u30b5": 0.00297,
    "\uff08": 0.00297,
    "\uff09": 0.00297,
    "\u30d9": 0.00297,
    "\u6700": 0.00297,
    "\u7ae0": 0.0026,
    "\u5168": 0.0026,
    "\u30c6": 0.0026,
    "\u30d7": 0.0026,
    "\u5e83": 0.0026,
    "\u30de": 0.0026,
    "\u7591": 0.0026,
    "\u554f": 0.0026,
    "\u88cf": 0.0026,
    "\u30bb": 0.0026,
    "\u3064": 0.0026,
    "\u30b7": 0.0026,
    "\u30bf": 0.0026,
    "\u30ea": 0.0026,
    "\u5c71": 0.0026,
    "\u30c9": 0.0026,
    "\u81ea": 0.0026,
    "\u5206": 0.0026,
    "\u6d41": 0.00223,
    "\u66f8": 0.00223,
    "\u76f4": 0.00223,
    "\u3079": 0.00223,
    "\u544a": 0.00223,
    "\u5f97": 0.00223,
    "\u305a": 0.00223,
    "\u30b8": 0.00223,
    "\u30a7": 0.00223,
    "\u4f7f": 0.00223,
    "\u7528": 0.00223,
    "\u8a00": 0.00223,
    "\u3005": 0.00223,
    "\u97f3": 0.00223,
    "\u4f4f": 0.00223,
    "\u6d77": 0.00223,
    "\u300c": 0.00186,
    "\u300d": 0.00186,
    "\u713c": 0.00148,
    "\u90e8": 0.00148,
    "\u53e3": 0.00148,
    "\u98db": 0.00148,
    "\u3073": 0.00148,
    "\u3080": 0.00148,
    "\u697d": 0.00148,
    "\u5712": 0.00148,
    "\u80fd": 0.00148,
    "\u53e5": 0.00148,
    "\u8aad": 0.00148,
    "\u70b9": 0.00148,
    "\u3048": 0.00148,
    "\u76ee": 0.00148,
    "\u7684": 0.00148,
    "\u30ad": 0.00148,
    "\u5236": 0.00148,
    "\u5fa1": 0.00148,
    "\u2013": 0.23529,
    "\u307b": 0.00148,
    "\u3069": 0.00148,
    "\u7121": 0.00148,
    "\u6b63": 0.00148,
    "\u6d3b": 0.00148,
    "\u9001": 0.00148,
    "\u65e5": 0.00148,
    "\u540d": 0.00148,
    "\u524d": 0.00148,
    "\u30ec": 0.00148,
    "\u30fb": 0.00148,
    "\u592a": 0.00148,
    "\u90ce": 0.00148,
    "\u4f8b": 0.00148,
    "\u6cd5": 0.00148,
    "\u4e16": 0.00148,
    "\u754c": 0.00148,
    "\u6c7a": 0.00148,
    "\u5fc3": 0.00148,
    "\u30aa": 0.00148,
    "\u30e2": 0.00148,
    "\u4f5c": 0.00148,
    "\u3084": 0.00148,
    "\u52e7": 0.00148,
    "\u305c": 0.00148,
    "\u60aa": 0.00148,
    "\u91ce": 0.00148,
    "\u7b26": 0.00148,
    "\u30df": 0.00148,
    "\u6ea2": 0.00148,
    "\u52d5": 0.00148,
    "\u3058": 0.00148,
    "\u4e03": 0.00148,
    "\u8a70": 0.00148,
    "\u30cb": 0.00148,
    "\u30e3": 0.00148,
    "\u5dee": 0.00148,
    "\u767a": 0.00148,
    "\u8108": 0.00148,
    "\u521d": 0.00148,
    "\u4e18": 0.00148,
    "\u767b": 0.00148,
    "\u6545": 0.00148,
    "\u90f7": 0.00148,
    "\u30ab": 0.00148,
    "\u30a2": 0.00148,
    "\u30d5": 0.00148,
    "\u30a1": 0.00148,
    "\u30d8": 0.00148,
    "\u901a": 0.00148,
    "\u30d6": 0.00148,
    "\u8def": 0.00148,
    "\u5f8c": 0.00148,
    "\u77a5": 0.00148,
    "\u6295": 0.00148,
    "\u3052": 0.00148,
    "\u30e1": 0.00111,
    "\u4fee": 0.00111,
    "\u8f9e": 0.00111,
    "\u982c": 0.00111,
    "\u65c5": 0.00111,
    "\u7d9a": 0.00111,
    "\u9014": 0.00111,
    "\u4e2d": 0.00111,
    "\u4f1a": 0.00111,
    "\u6765": 0.00111,
    "\u5834": 0.00111,
    "\u6240": 0.00111,
    "\u304a": 0.00111,
    "\u8d77": 0.00111,
    "\u6e90": 0.00111,
    "\u6b8b": 0.00111,
    "\u623b": 0.00111,
    "\u5b89": 0.00111,
    "\u5e30": 0.00111,
    "\u8b66": 0.00111,
    "\u8aac": 0.00111,
    "\u7d0d": 0.00111,
    "\u5f85": 0.00111,
    "\u3061": 0.00111,
    "\u4f0f": 0.00111,
    "\u9577": 0.00111,
    "\u30ac": 0.00111,
    "\u9154": 0.00111,
    "\u308f": 0.00111,
    "\u30a8": 0.00111,
    "\u5f15": 0.00111,
    "\u8449": 0.00111,
    "\u5411": 0.00111,
    "\u6bcd": 0.00111,
    "\u5b50": 0.00111,
    "\u9060": 0.00111,
    "\u96e2": 0.00111,
    "\u5b64": 0.00111,
    "\u7acb": 0.00111,
    "\u30a3": 0.00111,
    "\u5cb8": 0.00111,
    "\u8a9e": 0.00111,
    "\u30a5": 0.00111,
    "\u30c7": 0.00111,
    "\u5ddd": 0.00111,
    "\u5fc5": 0.00111,
    "\u8981": 0.00111,
    "\u898f": 0.00111,
    "\u5247": 0.00111,
    "\u63d0": 0.00111,
    "\u4f9b": 0.00111,
    "\u4eee": 0.00074,
    "wordLength1": 0.23529,
    "wordLength50": 0.17647,
    "wordLength40": 0.17647,
    "wordLength681": 0.11765,
    "wordLength60": 0.05882,
    "wordLength53": 0.05882,
    "wordLength48": 0.05882,
    "wordLength686": 0.05882,