{
    "character_frequency": {
        "\uadf8": 0.0421115065,
        "\ub2e4": 0.0338078292,
        "\uace0": 0.0320284698,
        "\ub2c8": 0.0284697509,
        "\uc758": 0.0255041518,
        "\uc774": 0.0243179122,
        "\uc744": 0.0243179122,
        "\uc740": 0.0231316726,
        "\uc2b5": 0.0207591934,
        "\ub140": 0.0201660735,
        "\uc778": 0.0195729537,
        "\ub294": 0.0189798339,
        "\uac00": 0.0154211151,
        "\ub85c": 0.0148279953,
        "\ub77c": 0.0148279953,
        "\ubb38": 0.0142348754,
        "\uc5b4": 0.0142348754,
        "\uc5d0": 0.0136417556,
        "\ub9ac": 0.0130486358,
        "\uc9c0": 0.012455516,
        "\ub4e4": 0.0118623962,
        "\ub098": 0.0118623962,
        "\ud558": 0.0118623962,
        "\ubaa9": 0.0106761566,
        "\uc2a4": 0.0106761566,
        "\ub97c": 0.0106761566,
        "\ud55c": 0.0100830368,
        "\uc801": 0.0100830368,
        "\ud2b8": 0.0100830368,
        "\uc791": 0.009489917,
        "\ub9f9": 0.0088967972,
        "\ud14d": 0.0088967972,
        "\uc785": 0.0083036773,
        "\uc790": 0.0077105575,
        "\ub9c8": 0.0077105575,
        "\uc11c": 0.0077105575,
        "\uc804": 0.0071174377,
        "\uc73c": 0.0059311981,
        "\ub7ec": 0.0059311981,
        "\uae38": 0.0059311981,
        "\ud588": 0.0059311981,
        "\uc0ac": 0.0059311981,
        "\uc2dc": 0.0059311981,
        "\uc544": 0.0053380783,
        "\ub4dc": 0.0053380783,
        "\uc218": 0.0053380783,
        "\uc788": 0.0053380783,
        "\uac8c": 0.0053380783,
        "\uacf3": 0.0047449585,
        "\uc138": 0.0047449585,
        "\uae30": 0.0047449585,
        "\uc558": 0.0047449585,
        "\uc5c6": 0.0041518387,
        "\uc0b4": 0.0041518387,
        "\uc74c": 0.0041518387,
        "\ub4dd": 0.0041518387,
        "\ub2e8": 0.0041518387,
        "\uc54a": 0.0041518387,
        "\uc5c8": 0.0041518387,
        "\uad6c": 0.0035587189,
        "\uc870": 0.0035587189,
        "\ub0a0": 0.0035587189,
        "\uc2ec": 0.0035587189,
        "\uac70": 0.0035587189,
        "\"": 0.0035587189,
        "\ud45c": 0.0035587189,
        "\ub54c": 0.0035587189,
        "\ubc88": 0.0035587189,
        "\ubcf5": 0.0035587189,
        "\ub9cc": 0.0035587189,
        "\ub418": 0.0035587189,
        "\uc7a5": 0.0029655991,
        "\ub450": 0.0029655991,
        "\uc81c": 0.0029655991,
        "\ud560": 0.0029655991,
        "\uacc4": 0.0029655991,
        "\ud070": 0.0029655991,
        "\ubc14": 0.0029655991,
        "\uac83": 0.0029655991,
        "\uba74": 0.0029655991,
        "\uc57c": 0.0029655991,
        "\uad50": 0.0029655991,
        "\ud65c": 0.0029655991,
        "\ucf5c": 0.0029655991,
        "\ub838": 0.0029655991,
        "\ub0ac": 0.0029655991,
        "\uc0b0": 0.0029655991,
        "\ub9e5": 0.0029655991,
        "\uc5b8": 0.0029655991,
        "\uce74": 0.0029655991,
        "\ub0b4": 0.0023724792,
        "\ubcf8": 0.0023724792,
        "\uc131": 0.0023724792,
        "\uba70": 0.0023724792,
        "\ub3cc": 0.0023724792,
        "\uc548": 0.0023724792,
        "\ubaa8": 0.0023724792,
        "\uc124": 0.0023724792,
        "\uba87": 0.0023724792,
        "\uc5ec": 0.0023724792,
        "\uacfc": 0.0023724792,
        "\ud574": 0.0023724792,
        "\uc6a9": 0.0023724792,
        "\uba40": 0.0023724792,
        "\ub5a8": 0.0023724792,
        "\uc838": 0.0023724792,
        "\uc6b4": 0.0017793594,
        "\uac01": 0.0017793594,
        "\ucc9c": 0.0017793594,
        "\uad6d": 0.0017793594,
        "\uac19": 0.0017793594,
        "\ub545": 0.0017793594,
        "\ub2a5": 0.0017793594,
        "\uc810": 0.0017793594,
        "\ucc28": 0.0017793594,
        "\ub3c4": 0.0017793594,
        "\u2013": 0.0017793594,
        "\ubb34": 0.0017793594,
        "\uc815": 0.0017793594,
        "\ud615": 0.0017793594,
        "\uc0b6": 0.0017793594,
        "\ub290": 0.0017793594,
        "\uc904": 0.0017793594,
        "\ub984": 0.0017793594,
        "\ub80c": 0.0017793594,
        "\uc12c": 0.0017793594,
        "\ud64d": 0.0017793594,
        "\ub3d9": 0.0017793594,
        "\uc608": 0.0017793594,
        "\ub113": 0.0017793594,
        "\ubc95": 0.0017793594,
        "\uacb0": 0.0017793594,
        "\uc800": 0.0017793594,
        "\ub9d0": 0.0017793594,
        "\ucda9": 0.0017793594,
        "\uc65c": 0.0017793594,
        "\ub0d0": 0.0017793594,
        "\uc05c": 0.0017793594,
        "\uc27c": 0.0017793594,
        "\uc0dd": 0.0017793594,
        "\ubb3c": 0.0017793594,
        "\ubbf8": 0.0017793594,
        "\ub860": 0.0017793594,
        "\ub150": 0.0017793594,
        "\uc77c": 0.0017793594,
        "\uacf1": 0.0017793594,
        "\uac1c": 0.0017793594,
        "\ub300": 0.0017793594,
        "\uafb8": 0.0017793594,
        "\uc15c": 0.0017793594,
        "\ud5c8": 0.0017793594,
        "\ub07c": 0.0017793594,
        "\ub5a0": 0.0017793594,
        "\ud0e4": 0.0017793594,
        "\ub9ad": 0.0017793594,
        "\uccab": 0.0017793594,
        "\uc9f8": 0.0017793594,
        "\ub355": 0.0017793594,
        "\ub118": 0.0017793594,
        "\ud5a5": 0.0017793594,
        "\uc54c": 0.0017793594,
        "\ud30c": 0.0017793594,
        "\ubcb3": 0.0017793594,
        "\ud5e4": 0.0017793594,
        "\uc2e0": 0.0017793594,
        "\uace8": 0.0017793594,
        "\ube0c": 0.0017793594,
        "\ub9c9": 0.0017793594,
        "\ub354": 0.0017793594,
        "\ubcf4": 0.0017793594,
        "\ubea8": 0.0011862396,
        "\ud0c0": 0.0011862396,
        "\ud559": 0.0011862396,
        "\uc9c8": 0.0011862396,
        "\uba5c": 0.0011862396,
        "\ub791": 0.0011862396,
        "\ud758": 0.0011862396,
        "\uc18d": 0.0011862396,
        "\uac14": 0.0011862396,
        "\uc628": 0.0011862396,
        "\uc6d0": 0.0011862396,
        "\ub0a8": 0.0011862396,
        "\ubfd0": 0.0011862396,
        "\uacbd": 0.0011862396,
        "\ub4e0": 0.0011862396,
        "\uc624": 0.0011862396,
        "\ub798": 0.0011862396,
        "\uad11": 0.0011862396,
        "\ud53c": 0.0011862396,
        "\ud130": 0.0011862396,
        "\ub9e4": 0.0011862396,
        "\uae34": 0.0011862396,
        "\uc2ac": 0.0011862396,
        "\uac74": 0.0011862396,
        "\ucde8": 0.0011862396,
        "\ub04c": 0.0011862396,
        "\ud504": 0.0011862396,
        "\uc81d": 0.0011862396,
        "\uc704": 0.0011862396,
        "\ud788": 0.0011862396,
        "\ub108": 0.0011862396,
        "\uba38": 0.0011862396,
        "\ud2f1": 0.0011862396,
        "\ub9bd": 0.0011862396,
        "\ub374": 0.0011862396,
        "\ud544": 0.0011862396,
        "\uc694": 0.0011862396,
        "\uaddc": 0.0011862396,
        "\uce59": 0.0011862396,
        "\uacf5": 0.0011862396,
        "\ud569": 0.0011862396,
        "\uce6d": 0.0005931198
    },
    "word_length_frequency": {
        "wordLength3": 0.3550185874,
        "wordLength2": 0.2472118959,
        "wordLength4": 0.1895910781,
        "wordLength5": 0.0966542751,
        "wordLength1": 0.0706319703,
        "wordLength6": 0.0408921933
    }
}