{
    "\uadf8": 0.04211,
    "\ub2e4": 0.03381,
    "\uace0": 0.03203,
    "\ub2c8": 0.02847,
    "\uc758": 0.0255,
    "\uc774": 0.02432,
    "\uc744": 0.02432,
    "\uc740": 0.02313,
    "\uc2b5": 0.02076,
    "\ub140": 0.02017,
    "\uc778": 0.01957,
    "\ub294": 0.01898,
    "\uac00": 0.01542,
    "\ub85c": 0.01483,
    "\ub77c": 0.01483,
    "\ubb38": 0.01423,
    "\uc5b4": 0.01423,
    "\uc5d0": 0.01364,
    "\ub9ac": 0.01305,
    "\uc9c0": 0.01246,
    "\ub4e4": 0.01186,
    "\ub098": 0.01186,
    "\ud558": 0.01186,
    "\ubaa9": 0.01068,
    "\uc2a4": 0.01068,
    "\ub97c": 0.01068,
    "\ud55c": 0.01008,
    "\uc801": 0.01008,
    "\ud2b8": 0.01008,
    "\uc791": 0.00949,
    "\ub9f9": 0.0089,
    "\ud14d": 0.0089,
    "\uc785": 0.0083,
    "\uc790": 0.00771,
    "\ub9c8": 0.00771,
    "\uc11c": 0.00771,
    "\uc804": 0.00712,
    "\uc73c": 0.00593,
    "\ub7ec": 0.00593,
    "\uae38": 0.00593,
    "\ud588": 0.00593,
    "\uc0ac": 0.00593,
    "\uc2dc": 0.00593,
    "\uc544": 0.00534,
    "\ub4dc": 0.00534,
    "\uc218": 0.00933,
    "\uc788": 0.00534,
    "\uac8c": 0.00534,
    "\uacf3": 0.00474,
    "\uc138": 0.00474,
    "\uae30": 0.00474,
    "\uc558": 0.00474,
    "\uc5c6": 0.00415,
    "\uc0b4": 0.00415,
    "\uc74c": 0.00415,
    "\ub4dd": 0.00415,
    "\ub2e8": 0.00415,
    "\uc54a": 0.00415,
    "\uc5c8": 0.00415,
    "\uad6c": 0.00356,
    "\uc870": 0.00356,
    "\ub0a0": 0.00356,
    "\uc2ec": 0.00356,
    "\uac70": 0.00356,
    "\ud45c": 0.00356,
    "\ub54c": 0.00356,
    "\ubc88": 0.00356,
    "\ubcf5": 0.00356,
    "\ub9cc": 0.00356,
    "\ub418": 0.00356,
    "\uc7a5": 0.00297,
    "\ub450": 0.00297,
    "\uc81c": 0.00297,
    "\ud560": 0.00297,
    "\uacc4": 0.00297,
    "\ud070": 0.00933,
    "\ubc14": 0.00297,
    "\uac83": 0.00297,
    "\uba74": 0.00297,
    "\uc57c": 0.00297,
    "\uad50": 0.00297,
    "\ud65c": 0.00297,
    "\ucf5c": 0.00297,
    "\ub838": 0.00297,
    "\ub0ac": 0.00297,
    "\uc0b0": 0.00297,
    "\ub9e5": 0.00297,
    "\uc5b8": 0.00297,
    "\uce74": 0.00297,
    "\ub0b4": 0.00237,
    "\ubcf8": 0.00237,
    "\uc131": 0.00237,
    "\uba70": 0.00237,
    "\ub3cc": 0.00237,
    "\uc548": 0.00237,
    "\ubaa8": 0.00237,
    "\uc124": 0.00237,
    "\uba87": 0.00237,
    "\uc5ec": 0.00237,
    "\uacfc": 0.00237,
    "\ud574": 0.00237,
    "\uc6a9": 0.00237,
    "\uba40": 0.00237,
    "\ub5a8": 0.00237,
    "\uc838": 0.00237,
    "\uc6b4": 0.00178,
    "\uac01": 0.00178,
    "\ucc9c": 0.00178,
    "\uad6d": 0.00178,
    "\uac19": 0.00178,
    "\ub545": 0.00178,
    "\ub2a5": 0.00178,
    "\uc810": 0.00178,
    "\ucc28": 0.00178,
    "\ub3c4": 0.00178,
    "\u2013": 0.00178,
    "\ubb34": 0.00178,
    "\uc815": 0.00178,
    "\ud615": 0.00178,
    "\uc0b6": 0.00178,
    "\ub290": 0.00178,
    "\uc904": 0.00178,
    "\ub984": 0.00178,
    "\ub80c": 0.00178,
    "\uc12c": 0.00178,
    "(": 0.00178,
    "\ud64d": 0.00178,
    "\ub3d9": 0.00178,
    "\uc608": 0.00178,
    ")": 0.00178,
    "\ub113": 0.00178,
    "\ubc95": 0.00178,
    "\uacb0": 0.00178,
    "\uc800": 0.00178,
    "\ub9d0": 0.00178,
    "\ucda9": 0.00178,
    "\uc65c": 0.00178,
    "\ub0d0": 0.00178,
    "\uc05c": 0.00178,
    "\uc27c": 0.00178,
    "\uc0dd": 0.00178,
    "\ubb3c": 0.00178,
    "\ubbf8": 0.00178,
    "\ub860": 0.00178,
    "\ub150": 0.00178,
    "\uc77c": 0.00178,
    "\uacf1": 0.00178,
    "\uac1c": 0.00178,
    "\ub300": 0.00178,
    "\uafb8": 0.00178,
    "\uc15c": 0.00178,
    "\ud5c8": 0.00178,
    "\ub07c": 0.00178,
    "\ub5a0": 0.00178,
    "\ud0e4": 0.00178,
    "\ub9ad": 0.00178,
    "\uccab": 0.00178,
    "\uc9f8": 0.00178,
    "\ub355": 0.00178,
    "\ub118": 0.00178,
    "\ud5a5": 0.00178,
    "\uc54c": 0.00178,
    "\ud30c": 0.00178,
    "\ubcb3": 0.00178,
    "\ud5e4": 0.00178,
    "\uc2e0": 0.00178,
    "\uace8": 0.00178,
    "\ube0c": 0.00178,
    "\ub9c9": 0.00178,
    "\ub354": 0.00178,
    "\ubcf4": 0.00178,
    "\ubea8": 0.00119,
    "\ud0c0": 0.00119,
    "\ud559": 0.00119,
    "\uc9c8": 0.00119,
    "\uba5c": 0.00119,
    "\ub791": 0.00119,
    "\ud758": 0.00119,
    "\uc18d": 0.00119,
    "\uac14": 0.00119,
    "\uc628": 0.00119,
    "\uc6d0": 0.00119,
    "\ub0a8": 0.00119,
    "\ubfd0": 0.00119,
    "\uacbd": 0.00119,
    "\ub4e0": 0.00119,
    "\uc624": 0.00119,
    "\ub798": 0.00119,
    "\uad11": 0.00119,
    "\ud53c": 0.00119,
    "\ud130": 0.00119,
    "\ub9e4": 0.00119,
    "\uae34": 0.00119,
    "\uc2ac": 0.00119,
    "\uac74": 0.00119,
    "\ucde8": 0.00119,
    "\ub04c": 0.00119,
    "\ud504": 0.00119,
    "\uc81d": 0.00119,
    "\uc704": 0.00119,
    "\ud788": 0.00119,
    "\ub108": 0.00119,
    "\uba38": 0.00119,
    "\ud2f1": 0.00119,
    "\ub9bd": 0.00119,
    "\ub374": 0.00119,
    "\ud544": 0.00119,
    "\uc694": 0.00119,
    "\uaddc": 0.00119,
    "\uce59": 0.00119,
    "\uacf5": 0.00119,
    "\ud569": 0.00119,
    "\uce6d": 0.00059,
    "wordLength3": 0.35448,
    "wordLength2": 0.23881,
    "wordLength4": 0.19403,
    "wordLength5": 0.09701,
    "wordLength1": 0.0709,
    "wordLength6": 0.04104,
    "wordLength7": 0.00373,
    "\ub9f9\ubaa9\uc801\uc778": 0.02799,
    "\uc791\uc740": 0.02239,
    "\uadf8\ub140\ub294": 0.01866,
    "\uadf8\ub140\ub97c": 0.01866,
    "\uc788\uc2b5\ub2c8\ub2e4": 0.01679,
    "\uadf8\ub7ec\ub098": 0.01493,
    "\uadf8\ub9ac\uace0": 0.01493,
    "\uadf8\ub4e4\uc740": 0.01306,
    "\uc0b4\uace0": 0.01306,
    "\uadf8\ub140\uac00": 0.01306,
    "\ub9c8\uc744\uc758": 0.01119,
    "\ub2e4\uc2dc": 0.01119,
    "\uadf8\ub4e4\uc758": 0.01119,
    "\uad50\ud65c\ud55c": 0.00933,
    "\ud14d\uc2a4\ud2b8\ub294": 0.00933,
    "\uae38\uc744": 0.00933,
    "\ubb38\uc790": 0.00933,
    "\uadf8\ub140\uc758": 0.00746
}