{
    "e": 0.18859,
    "n": 0.10254,
    "a": 0.08713,
    "r": 0.06437,
    "i": 0.06059,
    "t": 0.05974,
    "o": 0.05601,
    "d": 0.05285,
    "s": 0.04111,
    "l": 0.04026,
    "k": 0.03123,
    "h": 0.02981,
    "m": 0.02829,
    "g": 0.0262,
    "v": 0.02084,
    "u": 0.01717,
    "w": 0.01711,
    "b": 0.01519,
    "z": 0.01468,
    "j": 0.01417,
    "p": 0.01389,
    "c": 0.00949,
    "f": 0.00672,
    "y": 0.00096,
    "x": 0.00073,
    "\u2013": 0.00028,
    "\u00eb": 6e-05,
    "wordLength3": 0.2028,
    "wordLength2": 0.20047,
    "wordLength4": 0.18594,
    "wordLength5": 0.12526,
    "wordLength6": 0.10322,
    "wordLength7": 0.05602,
    "wordLength8": 0.03501,
    "wordLength9": 0.02516,
    "wordLength10": 0.02023,
    "wordLength11": 0.0153,
    "wordLength12": 0.01063,
    "wordLength13": 0.00856,
    "wordLength1": 0.00519,
    "wordLength15": 0.00285,
    "wordLength14": 0.00182,
    "wordLength17": 0.00104,
    "wordLength20": 0.00026,
    "wordLength16": 0.00026,
    "de": 0.05576,
    "en": 0.03942,
    "een": 0.0306,
    "het": 0.02438,
    "van": 0.02334,
    "ze": 0.02282,
    "haar": 0.0223,
    "in": 0.02049,
    "is": 0.014,
    "dat": 0.01141,
    "met": 0.0096,
    "hij": 0.0096,
    "op": 0.00934,
    "ik": 0.00908,
    "was": 0.00882,
    "mijn": 0.00856,
    "niet": 0.00778,
    "er": 0.00752,
    "naar": 0.00752,
    "blinde": 0.007
}