{
    "character_frequency": {
        "e": 0.1905567518,
        "a": 0.0978160566,
        "n": 0.0933558905,
        "r": 0.072900646,
        "t": 0.0629037219,
        "d": 0.0499846201,
        "o": 0.048292833,
        "i": 0.0469086435,
        "l": 0.0418332821,
        "s": 0.0401414949,
        "k": 0.0341433405,
        "h": 0.0292217779,
        "g": 0.0290679791,
        "v": 0.0241464165,
        "m": 0.019993848,
        "b": 0.0156874808,
        "w": 0.0152260843,
        "p": 0.0141494925,
        "u": 0.0139956936,
        "z": 0.012765303,
        "c": 0.0121501077,
        "f": 0.0059981544,
        "j": 0.0056905568,
        "L": 0.0021531836,
        "M": 0.0019993848,
        "D": 0.0019993848,
        "E": 0.001845586,
        "Z": 0.0015379883,
        "x": 0.0015379883,
        "'": 0.0015379883,
        "O": 0.0013841895,
        "A": 0.0013841895,
        "\"": 0.0012303906,
        "H": 0.0007689942,
        "\u2013": 0.0007689942,
        "I": 0.0007689942,
        "T": 0.0007689942,
        "y": 0.0007689942,
        "R": 0.0007689942,
        "V": 0.0006151953,
        "K": 0.0006151953,
        "S": 0.0006151953
    },
    "word_length_frequency": {
        "wordLength2": 0.1996974281,
        "wordLength4": 0.189107413,
        "wordLength3": 0.1686838124,
        "wordLength5": 0.136913767,
        "wordLength6": 0.0892586989,
        "wordLength7": 0.0605143722,
        "wordLength10": 0.0302571861,
        "wordLength11": 0.0302571861,
        "wordLength9": 0.0264750378,
        "wordLength8": 0.019667171,
        "wordLength12": 0.0143721634,
        "wordLength13": 0.0136157337,
        "wordLength15": 0.0075642965,
        "wordLength1": 0.0075642965,
        "wordLength17": 0.0030257186,
        "wordLength14": 0.0030257186
    }
}