{
    "e": 0.19294,
    "a": 0.09948,
    "n": 0.09362,
    "r": 0.07387,
    "t": 0.06385,
    "d": 0.05213,
    "o": 0.04981,
    "i": 0.04781,
    "l": 0.04411,
    "s": 0.04087,
    "k": 0.03486,
    "h": 0.03007,
    "g": 0.02915,
    "v": 0.02483,
    "m": 0.02205,
    "b": 0.01573,
    "w": 0.01527,
    "z": 0.01434,
    "p": 0.01419,
    "u": 0.01403,
    "c": 0.01218,
    "f": 0.00601,
    "j": 0.00571,
    "x": 0.00154,
    "\u2013": 0.00077,
    "y": 0.00077,
    "wordLength2": 0.19802,
    "wordLength4": 0.1904,
    "wordLength3": 0.16984,
    "wordLength5": 0.13404,
    "wordLength6": 0.09063,
    "wordLength7": 0.06093,
    "wordLength10": 0.03351,
    "wordLength9": 0.02666,
    "wordLength11": 0.02666,
    "wordLength8": 0.0198,
    "wordLength12": 0.01828,
    "wordLength13": 0.01371,
    "wordLength15": 0.00762,
    "wordLength1": 0.00381,
    "wordLength17": 0.00305,
    "wordLength14": 0.00305,
    "de": 0.07692,
    "haar": 0.05027,
    "ze": 0.0396,
    "en": 0.03884,
    "een": 0.03427,
    "van": 0.03123,
    "het": 0.02133,
    "blinde": 0.02056,
    "in": 0.01752,
    "niet": 0.01676,
    "kleine": 0.01371,
    "tekst": 0.01371,
    "was": 0.01295,
    "leven": 0.01066,
    "maar": 0.01066,
    "op": 0.01066,
    "waar": 0.0099,
    "dat": 0.00914,
    "hun": 0.00914,
    "land": 0.00685
}