{
    "e": 0.17316,
    "n": 0.09823,
    "t": 0.08578,
    "l": 0.06227,
    "i": 0.0259,
    "r": 0.06127,
    "s": 0.05906,
    "a": 0.05143,
    "o": 0.04962,
    "d": 0.04801,
    "k": 0.0462,
    "g": 0.03596,
    "m": 0.02672,
    "v": 0.02571,
    "b": 0.0231,
    "h": 0.01768,
    "u": 0.01567,
    "f": 0.01286,
    "p": 0.01025,
    "y": 0.00844,
    "\u00e5": 0.00844,
    "j": 0.00683,
    "\u00f8": 0.00402,
    "(": 0.00161,
    ")": 0.00161,
    "x": 0.00161,
    "\u00e6": 0.00161,
    "\u2013": 0.0008,
    "wordLength3": 0.24203,
    "wordLength2": 0.15837,
    "wordLength5": 0.14741,
    "wordLength4": 0.09661,
    "wordLength6": 0.08167,
    "wordLength8": 0.0498,
    "wordLength7": 0.04482,
    "wordLength9": 0.04084,
    "wordLength1": 0.03785,
    "wordLength10": 0.03088,
    "wordLength11": 0.02191,
    "wordLength12": 0.02092,
    "wordLength13": 0.01594,
    "wordLength14": 0.00398,
    "wordLength16": 0.00398,
    "wordLength17": 0.00299,
    "og": 0.04482,
    "hun": 0.02689,
    "de": 0.0239,
    "den": 0.02291,
    "til": 0.02092,
    "henne": 0.01892,
    "et": 0.01793,
    "ikke": 0.01693,
    "en": 0.01394,
    "av": 0.01394,
    "det": 0.01096,
    "men": 0.01096,
    "sin": 0.01096,
    "med": 0.00996,
    "la": 0.00996,
    "lille": 0.00996,
    "blindteksten": 0.00996,
    "igjen": 0.00896,
    "seg": 0.00797
}