{
    "character_frequency": {
        "e": 0.1713596138,
        "n": 0.0975462591,
        "t": 0.0858809332,
        "r": 0.0613435237,
        "l": 0.0601367659,
        "i": 0.0599356396,
        "s": 0.0585277554,
        "a": 0.0506838294,
        "o": 0.0466613033,
        "d": 0.0450522928,
        "k": 0.0442477876,
        "g": 0.036001609,
        "m": 0.0253419147,
        "v": 0.0251407884,
        "b": 0.0217216412,
        "h": 0.0168946098,
        "u": 0.015084473,
        "f": 0.0128720837,
        "p": 0.0102574417,
        "y": 0.0084473049,
        "\u00e5": 0.0084473049,
        "j": 0.0068382944,
        "\u00f8": 0.0040225261,
        "D": 0.0030168946,
        "O": 0.0030168946,
        "I": 0.0022123894,
        "L": 0.0022123894,
        "\"": 0.0020112631,
        "E": 0.0020112631,
        "K": 0.0020112631,
        "x": 0.0016090105,
        "\u00e6": 0.0016090105,
        "M": 0.0014078842,
        "B": 0.0014078842,
        "\u2013": 0.0008045052,
        "N": 0.0008045052,
        "H": 0.0008045052,
        "A": 0.0008045052,
        "U": 0.0006033789,
        "V": 0.0006033789,
        "S": 0.0006033789
    },
    "word_length_frequency": {
        "wordLength3": 0.245,
        "wordLength2": 0.162,
        "wordLength5": 0.148,
        "wordLength4": 0.092,
        "wordLength6": 0.082,
        "wordLength8": 0.052,
        "wordLength7": 0.045,
        "wordLength9": 0.039,
        "wordLength1": 0.034,
        "wordLength10": 0.031,
        "wordLength11": 0.022,
        "wordLength12": 0.021,
        "wordLength13": 0.016,
        "wordLength14": 0.004,
        "wordLength16": 0.004,
        "wordLength17": 0.003
    }
}