{
    "character_frequency": {
        "a": 0.0899881453,
        "e": 0.0822286884,
        "i": 0.0819053777,
        "o": 0.0771634874,
        "n": 0.0503286992,
        "z": 0.0477422136,
        "s": 0.0464489708,
        "w": 0.0432158638,
        "r": 0.0418148507,
        "k": 0.0396594461,
        "t": 0.0381506628,
        "y": 0.0348097855,
        "p": 0.0312533678,
        "\u0142": 0.0284513417,
        "c": 0.0280202608,
        "j": 0.0270503287,
        "m": 0.0270503287,
        "d": 0.0251104645,
        "l": 0.0236016812,
        "g": 0.019829723,
        "u": 0.0183209398,
        "\u0119": 0.0142256709,
        "\u00f3": 0.0116391853,
        "\u017c": 0.009699321,
        "\u0105": 0.0095915508,
        "h": 0.0085138485,
        "b": 0.0084060782,
        "\u015b": 0.006897295,
        "\u0107": 0.0049574308,
        "A": 0.0026942558,
        "J": 0.0025864856,
        "L": 0.0021554047,
        "f": 0.001832094,
        "W": 0.001832094,
        "S": 0.0012932428,
        "K": 0.0011854726,
        "P": 0.0011854726,
        "\u0144": 0.0010777023,
        "x": 0.0010777023,
        "O": 0.0009699321,
        "Z": 0.0009699321,
        "N": 0.0008621619,
        "D": 0.0008621619,
        "\u2013": 0.0005388512,
        "I": 0.0005388512,
        "R": 0.0005388512,
        "\u201e": 0.0004310809,
        "\u201d": 0.0004310809,
        "\u017a": 0.0003233107,
        "M": 0.0002155405,
        "T": 0.0002155405,
        ":": 0.0001077702
    },
    "word_length_frequency": {
        "wordLength5": 0.1383763838,
        "wordLength6": 0.13099631,
        "wordLength7": 0.1242312423,
        "wordLength3": 0.0990159902,
        "wordLength1": 0.0873308733,
        "wordLength4": 0.0842558426,
        "wordLength2": 0.0805658057,
        "wordLength8": 0.0774907749,
        "wordLength9": 0.0645756458,
        "wordLength10": 0.0430504305,
        "wordLength11": 0.0332103321,
        "wordLength12": 0.0258302583,
        "wordLength15": 0.0061500615,
        "wordLength14": 0.0030750308,
        "wordLength13": 0.0012300123,
        "wordLength16": 0.0006150062
    }
}