{
    "a": 0.0042,
    "i": 0.03037,
    "e": 0.08006,
    "o": 0.00722,
    "z": 0.01108,
    "n": 0.04762,
    "s": 0.04662,
    "w": 0.02786,
    "r": 0.04132,
    "t": 0.03905,
    "k": 0.03713,
    "c": 0.03635,
    "y": 0.03517,
    "m": 0.03337,
    "d": 0.03244,
    "p": 0.02831,
    "j": 0.02797,
    "l": 0.02508,
    "u": 0.02223,
    "\u0142": 0.018,
    "b": 0.01478,
    "\u0119": 0.01437,
    "g": 0.01397,
    "\u017c": 0.01083,
    "\u0105": 0.01012,
    "\u00f3": 0.00993,
    "h": 0.00888,
    "\u015b": 0.00714,
    "\u0107": 0.00683,
    "f": 0.00208,
    "\u2013": 0.00587,
    "\u0144": 0.0009,
    "\u017a": 0.00065,
    "x": 0.00037,
    "\u201e": 0.00016,
    "\u201d": 0.00016,
    "v": 9e-05,
    "(": 6e-05,
    ")": 6e-05,
    "\u2026": 3e-05,
    "wordLength6": 0.14063,
    "wordLength5": 0.12687,
    "wordLength7": 0.11495,
    "wordLength3": 0.10925,
    "wordLength4": 0.10858,
    "wordLength2": 0.08978,
    "wordLength1": 0.08877,
    "wordLength8": 0.07468,
    "wordLength9": 0.05957,
    "wordLength10": 0.03591,
    "wordLength11": 0.02467,
    "wordLength12": 0.01661,
    "wordLength13": 0.00403,
    "wordLength14": 0.00235,
    "wordLength15": 0.00218,
    "wordLength16": 0.00067,
    "wordLength21": 0.00034,
    "wordLength23": 0.00017,
    "si\u0119": 0.02098,
    "na": 0.02064,
    "jest": 0.01426,
    "nie": 0.01376,
    "to": 0.01242,
    "do": 0.01158,
    "bardzo": 0.00722,
    "\u017ce": 0.00688,
    "ale": 0.00621,
    "te\u017c": 0.00621,
    "po": 0.00571,
    "jej": 0.00503,
    "mam": 0.00487,
    "s\u0105": 0.0047
}