{
    "a": 0.00858,
    "i": 0.03617,
    "e": 0.08224,
    "o": 0.00736,
    "n": 0.0512,
    "z": 0.00981,
    "s": 0.04775,
    "w": 0.02269,
    "r": 0.04236,
    "k": 0.04085,
    "t": 0.03837,
    "y": 0.03481,
    "p": 0.03244,
    "j": 0.02964,
    "\u0142": 0.02845,
    "c": 0.02802,
    "m": 0.02727,
    "d": 0.02598,
    "l": 0.02576,
    "g": 0.01983,
    "u": 0.01832,
    "\u0119": 0.01423,
    "\u00f3": 0.01164,
    "\u017c": 0.0097,
    "\u0105": 0.00959,
    "h": 0.00851,
    "b": 0.00841,
    "\u015b": 0.0069,
    "\u0107": 0.00496,
    "f": 0.00183,
    "\u0144": 0.00108,
    "x": 0.00108,
    "\u2013": 0.00054,
    "\u201e": 0.00043,
    "\u201d": 0.00043,
    "\u017a": 0.00032,
    "wordLength5": 0.13795,
    "wordLength6": 0.13059,
    "wordLength7": 0.12385,
    "wordLength3": 0.10116,
    "wordLength1": 0.08768,
    "wordLength4": 0.084,
    "wordLength2": 0.08032,
    "wordLength8": 0.07725,
    "wordLength9": 0.06438,
    "wordLength10": 0.04292,
    "wordLength11": 0.03311,
    "wordLength12": 0.02575,
    "wordLength15": 0.00613,
    "wordLength14": 0.00307,
    "wordLength13": 0.00123,
    "wordLength16": 0.00061,
    "na": 0.01962,
    "si\u0119": 0.01839,
    "do": 0.01655,
    "nie": 0.01655,
    "jej": 0.01533,
    "ale": 0.01104,
    "\u015blepego": 0.01104,
    "tekstu": 0.01104,
    "po": 0.01104,
    "to": 0.00858,
    "ma\u0142a": 0.00858,
    "linijka": 0.00858,
    "\u017ce": 0.00797,
    "janek": 0.00797,
    "kt\u00f3rej": 0.00674
}