{
    "character_frequency": {
        "a": 0.1324974925,
        "e": 0.1095285858,
        "o": 0.0969909729,
        "s": 0.0821464393,
        "r": 0.0604814443,
        "i": 0.0560682046,
        "n": 0.0521564694,
        "u": 0.051554664,
        "t": 0.0483450351,
        "d": 0.0435305918,
        "c": 0.0396188566,
        "m": 0.0355065196,
        "l": 0.0338014042,
        "p": 0.0254764293,
        "g": 0.0170511535,
        "v": 0.0159478435,
        "h": 0.010330993,
        "\u00ed": 0.0080240722,
        "b": 0.0078234704,
        "q": 0.007221665,
        "f": 0.0064192578,
        "\u00e3": 0.0056168506,
        "x": 0.0048144433,
        "\u00e7": 0.0046138415,
        "L": 0.0046138415,
        "\u00e1": 0.0040120361,
        "\u00f3": 0.0039117352,
        "E": 0.0033099298,
        "\"": 0.0026078235,
        "A": 0.0025075226,
        "M": 0.0020060181,
        "V": 0.0020060181,
        "\u00ea": 0.0020060181,
        "j": 0.0015045135,
        "\u00fa": 0.0014042126,
        "z": 0.0014042126,
        "P": 0.0012036108,
        "\u00e9": 0.0012036108,
        "C": 0.001003009,
        "I": 0.0009027081,
        "B": 0.0009027081,
        "O": 0.0008024072,
        "U": 0.0008024072,
        "\u00f5": 0.0008024072,
        "N": 0.0007021063,
        "S": 0.0006018054,
        "\u00c9": 0.0005015045,
        "\u2013": 0.0005015045,
        "Q": 0.0005015045,
        "D": 0.0005015045,
        "\u00e2": 0.0003009027,
        "F": 0.0003009027,
        "\u00e0": 0.0003009027,
        "J": 0.0002006018,
        "R": 0.0001003009,
        "2": 0.0001003009,
        "5": 0.0001003009,
        "1": 0.0001003009,
        "9": 0.0001003009,
        "7": 0.0001003009,
        "4": 0.0001003009,
        "T": 0.0001003009,
        "G": 0.0001003009,
        "\u00f4": 0.0001003009,
        ";": 0.0001003009
    },
    "word_length_frequency": {
        "wordLength3": 0.1485198194,
        "wordLength4": 0.1204214752,
        "wordLength2": 0.1169091821,
        "wordLength1": 0.1144004014,
        "wordLength6": 0.1038635223,
        "wordLength5": 0.095835424,
        "wordLength7": 0.0858003011,
        "wordLength9": 0.0727546412,
        "wordLength8": 0.0712493728,
        "wordLength10": 0.0270948319,
        "wordLength11": 0.0230807827,
        "wordLength12": 0.0095333668,
        "wordLength13": 0.0075263422,
        "wordLength16": 0.0020070246,
        "wordLength14": 0.0010035123
    }
}