{
    "a": 0.02786,
    "e": 0.04154,
    "o": 0.03445,
    "s": 0.08302,
    "r": 0.06078,
    "i": 0.05716,
    "n": 0.05303,
    "u": 0.05253,
    "t": 0.04861,
    "d": 0.04418,
    "c": 0.04076,
    "l": 0.03854,
    "m": 0.03764,
    "p": 0.02677,
    "v": 0.01801,
    "g": 0.01721,
    "h": 0.01037,
    "b": 0.00876,
    "\u00ed": 0.00805,
    "q": 0.00775,
    "f": 0.00674,
    "\u00e3": 0.00564,
    "x": 0.00483,
    "\u00e7": 0.00463,
    "\u00e1": 0.00403,
    "\u00f3": 0.00392,
    "\u00ea": 0.00201,
    "\u00e9": 0.00171,
    "j": 0.00171,
    "\u00fa": 0.00141,
    "z": 0.00141,
    "\u00f5": 0.00081,
    "\u2013": 0.0005,
    "\u00e2": 0.0003,
    "\u00e0": 0.0003,
    "\u00f4": 0.0001,
    "wordLength3": 0.15198,
    "wordLength4": 0.11651,
    "wordLength2": 0.11398,
    "wordLength1": 0.11196,
    "wordLength6": 0.10689,
    "wordLength5": 0.09321,
    "wordLength7": 0.08663,
    "wordLength9": 0.07143,
    "wordLength8": 0.06839,
    "wordLength10": 0.02837,
    "wordLength11": 0.02736,
    "wordLength12": 0.01216,
    "wordLength13": 0.00557,
    "wordLength14": 0.00355,
    "wordLength16": 0.00203,
    "de": 0.03445,
    "ele": 0.01773,
    "uma": 0.01722,
    "sua": 0.01722,
    "que": 0.01722,
    "das": 0.01469,
    "um": 0.01368,
    "lu\u00eds": 0.01165,
    "da": 0.01165,
    "para": 0.00963,
    "n\u00e3o": 0.00963,
    "onde": 0.00861,
    "mas": 0.00861,
    "era": 0.00861,
    "as": 0.00861,
    "texto": 0.00811,
    "cego": 0.00811
}