{
    "\u043e": 0.11229,
    "\u0430": 0.09032,
    "\u0435": 0.08116,
    "\u0438": 0.04488,
    "\u043d": 0.0596,
    "\u0441": 0.05675,
    "\u0442": 0.05492,
    "\u043b": 0.05106,
    "\u0432": 0.02877,
    "\u0440": 0.04577,
    "\u043a": 0.04007,
    "\u043f": 0.03417,
    "\u0443": 0.02766,
    "\u0434": 0.02441,
    "\u0433": 0.024,
    "\u043c": 0.02014,
    "\u044b": 0.0179,
    "\u044c": 0.0177,
    "\u0437": 0.01709,
    "\u044f": 0.012,
    "\u0431": 0.012,
    "\u0439": 0.0118,
    "\u0447": 0.01037,
    "\u0436": 0.00936,
    "\u0451": 0.00936,
    "\u0445": 0.00732,
    "\u044e": 0.00692,
    "\u0448": 0.00366,
    "\u0444": 0.00305,
    "\u0449": 0.00264,
    "o": 0.00244,
    "m": 0.00244,
    "\u0446": 0.00163,
    "x": 0.00163,
    "\u044d": 0.00142,
    "\u2013": 0.00081,
    "l": 0.00081,
    "r": 0.00081,
    "e": 0.00081,
    "i": 0.00081,
    "p": 0.00081,
    "s": 0.00081,
    "u": 0.00081,
    "wordLength6": 0.13464,
    "wordLength5": 0.13349,
    "wordLength3": 0.11162,
    "wordLength2": 0.10932,
    "wordLength9": 0.09436,
    "wordLength1": 0.08976,
    "wordLength7": 0.08631,
    "wordLength4": 0.06559,
    "wordLength10": 0.04833,
    "wordLength8": 0.04603,
    "wordLength12": 0.03682,
    "wordLength11": 0.02647,
    "wordLength14": 0.01381,
    "wordLength15": 0.00345,
    "\u0435\u0451": 0.03222,
    "\u043e\u043d\u0430": 0.02417,
    "\u043d\u0435": 0.01611,
    "\u0441\u043b\u0435\u043f\u043e\u0433\u043e": 0.01611,
    "\u0442\u0435\u043a\u0441\u0442\u0430": 0.01611,
    "\u043d\u0430": 0.01611,
    "\u043f\u043e": 0.01496,
    "\u0447\u0442\u043e": 0.01496,
    "\u043d\u043e": 0.01266,
    "\u043c\u0430\u043b\u0435\u043d\u044c\u043a\u0430\u044f": 0.01266,
    "\u0441\u0442\u0440\u043e\u043a\u0430": 0.01266,
    "\u043e\u043d\u0438": 0.01151,
    "\u0436\u0438\u0432\u0443\u0442": 0.01151,
    "\u044d\u0442\u043e": 0.00806,
    "\u0433\u0434\u0435": 0.00806,
    "\u0441\u043b\u0435\u043f\u044b\u0435": 0.00806,
    "\u0442\u0435\u043a\u0441\u0442\u044b": 0.00806,
    "\u0438\u043c\u0435\u043d\u0438": 0.00806
}