{
    "character_frequency": {
        "\u043e": 0.1107273466,
        "\u0430": 0.0893945551,
        "\u0435": 0.0810646079,
        "\u0438": 0.0709061357,
        "\u043d": 0.0581064608,
        "\u0441": 0.055465258,
        "\u0442": 0.0548557497,
        "\u043b": 0.0501828525,
        "\u0432": 0.0479479886,
        "\u0440": 0.0451036164,
        "\u043a": 0.0386021942,
        "\u043f": 0.0335229581,
        "\u0443": 0.0276310443,
        "\u0433": 0.023364486,
        "\u0434": 0.0223486388,
        "\u043c": 0.0195042666,
        "\u044b": 0.017878911,
        "\u044c": 0.0176757416,
        "\u0437": 0.0170662332,
        "\u044f": 0.0119869972,
        "\u0439": 0.0117838277,
        "\u0431": 0.0105648111,
        "\u0447": 0.0103616416,
        "\u0436": 0.0093457944,
        "\u0451": 0.0093457944,
        "\u0445": 0.0073141,
        "\u044e": 0.0069077611,
        "\u0448": 0.00365705,
        "\u0444": 0.0030475416,
        "\u0449": 0.0026412028,
        "m": 0.0024380333,
        "\u0414": 0.0020316944,
        "\u0446": 0.0016253555,
        "o": 0.0016253555,
        "x": 0.0016253555,
        "\u041d": 0.0014221861,
        "\u041e": 0.0014221861,
        "\u041a": 0.0014221861,
        "\u0411": 0.0014221861,
        "\"": 0.0012190167,
        "\u0421": 0.0012190167,
        "\u042d": 0.0008126778,
        "\u2013": 0.0008126778,
        "L": 0.0008126778,
        "r": 0.0008126778,
        "e": 0.0008126778,
        "I": 0.0008126778,
        "p": 0.0008126778,
        "s": 0.0008126778,
        "u": 0.0008126778,
        "\u0412": 0.0008126778,
        "O": 0.0008126778,
        "\u0410": 0.0008126778,
        "\u041b": 0.0008126778,
        "\u0420": 0.0006095083,
        "\u041f": 0.0006095083,
        "\u044d": 0.0006095083,
        "\u0418": 0.0006095083,
        "\u0413": 0.0006095083,
        "\u041c": 0.0006095083
    },
    "word_length_frequency": {
        "wordLength6": 0.1352601156,
        "wordLength5": 0.1341040462,
        "wordLength2": 0.1098265896,
        "wordLength3": 0.1086705202,
        "wordLength9": 0.0947976879,
        "wordLength1": 0.089017341,
        "wordLength7": 0.0867052023,
        "wordLength4": 0.0658959538,
        "wordLength10": 0.0485549133,
        "wordLength8": 0.0462427746,
        "wordLength12": 0.0369942197,
        "wordLength11": 0.0265895954,
        "wordLength14": 0.0138728324,
        "wordLength15": 0.0034682081
    }
}