{
    "e": 0.12204,
    "n": 0.10824,
    "a": 0.08475,
    "t": 0.07808,
    "r": 0.06983,
    "i": 0.01526,
    "d": 0.05729,
    "s": 0.05015,
    "l": 0.04904,
    "o": 0.04841,
    "k": 0.03301,
    "v": 0.02968,
    "g": 0.02746,
    "h": 0.0265,
    "m": 0.02619,
    "b": 0.02063,
    "\u00e4": 0.01968,
    "u": 0.01539,
    "c": 0.01524,
    "f": 0.01397,
    "\u00e5": 0.01127,
    "\u00f6": 0.0092,
    "p": 0.00905,
    "x": 0.00714,
    "y": 0.00349,
    "j": 0.0027,
    "\u2013": 0.00079,
    "wordLength3": 0.26185,
    "wordLength5": 0.16787,
    "wordLength2": 0.11888,
    "wordLength4": 0.11325,
    "wordLength6": 0.07952,
    "wordLength8": 0.06024,
    "wordLength7": 0.04659,
    "wordLength11": 0.03775,
    "wordLength9": 0.03213,
    "wordLength10": 0.0257,
    "wordLength1": 0.01928,
    "wordLength12": 0.01847,
    "wordLength13": 0.01124,
    "wordLength15": 0.00402,
    "wordLength18": 0.00321,
    "och": 0.04739,
    "hon": 0.02811,
    "av": 0.02651,
    "de": 0.0249,
    "henne": 0.02329,
    "den": 0.02249,
    "en": 0.02169,
    "inte": 0.01767,
    "d\u00e4r": 0.01446,
    "sin": 0.01446,
    "om": 0.01285,
    "sig": 0.01205,
    "det": 0.01124,
    "ett": 0.01124,
    "men": 0.01124,
    "att": 0.01044,
    "lilla": 0.01044,
    "blindtexten": 0.01044,
    "p\u00e5": 0.01044
}