{
    "character_frequency": {
        "e": 0.1206213346,
        "n": 0.1073070217,
        "a": 0.0832144555,
        "t": 0.0779838326,
        "r": 0.0689491203,
        "i": 0.0591218894,
        "d": 0.0550007925,
        "s": 0.0494531621,
        "l": 0.0475511175,
        "o": 0.0469171026,
        "k": 0.031700745,
        "v": 0.0290061816,
        "g": 0.0274211444,
        "h": 0.0256776034,
        "m": 0.0247265811,
        "\u00e4": 0.0196544619,
        "b": 0.0191789507,
        "u": 0.0153748613,
        "c": 0.0152163576,
        "f": 0.0139483278,
        "\u00e5": 0.0112537645,
        "\u00f6": 0.009193216,
        "p": 0.0084006974,
        "x": 0.0071326676,
        "y": 0.0034870819,
        "j": 0.0026945633,
        "D": 0.0022190521,
        "I": 0.0015850372,
        "M": 0.0014265335,
        "L": 0.0014265335,
        "O": 0.0014265335,
        "B": 0.0014265335,
        "A": 0.0014265335,
        "E": 0.0012680298,
        "K": 0.0012680298,
        "\"": 0.0012680298,
        "\u2013": 0.0007925186,
        "H": 0.0007925186,
        "N": 0.0007925186,
        "R": 0.0007925186,
        "P": 0.0006340149,
        "V": 0.0006340149,
        "S": 0.0006340149
    },
    "word_length_frequency": {
        "wordLength3": 0.2652733119,
        "wordLength5": 0.171221865,
        "wordLength2": 0.1189710611,
        "wordLength4": 0.1133440514,
        "wordLength6": 0.0795819936,
        "wordLength8": 0.0602893891,
        "wordLength7": 0.0466237942,
        "wordLength11": 0.0377813505,
        "wordLength9": 0.0321543408,
        "wordLength10": 0.0225080386,
        "wordLength12": 0.018488746,
        "wordLength1": 0.0152733119,
        "wordLength13": 0.0112540193,
        "wordLength15": 0.0040192926,
        "wordLength18": 0.0032154341
    }
}