{
    "a": 0.1165,
    "e": 0.09363,
    "n": 0.0788,
    "r": 0.07509,
    "i": 0.07262,
    "l": 0.06582,
    "k": 0.06088,
    "\u0131": 0.05006,
    "d": 0.04079,
    "\u00fc": 0.03708,
    "t": 0.03616,
    "s": 0.02998,
    "m": 0.02843,
    "o": 0.02781,
    "y": 0.0275,
    "b": 0.02225,
    "u": 0.02163,
    "z": 0.01391,
    "\u015f": 0.01391,
    "v": 0.01391,
    "\u011f": 0.01174,
    "g": 0.01174,
    "\u00f6": 0.01143,
    "\u00e7": 0.00958,
    "h": 0.00803,
    "p": 0.00742,
    "f": 0.00494,
    "c": 0.00464,
    "\u0307": 0.00155,
    "j": 0.00124,
    "\u2013": 0.00093,
    "wordLength3": 0.18182,
    "wordLength5": 0.17647,
    "wordLength4": 0.14082,
    "wordLength7": 0.12299,
    "wordLength6": 0.08378,
    "wordLength9": 0.0713,
    "wordLength8": 0.05704,
    "wordLength10": 0.04991,
    "wordLength11": 0.04813,
    "wordLength2": 0.04635,
    "wordLength12": 0.01248,
    "wordLength1": 0.00535,
    "wordLength13": 0.00357,
    "bir": 0.04635,
    "ve": 0.04635,
    "k\u00f6r": 0.02674,
    "k\u00fc\u00e7\u00fck": 0.02139,
    "ama": 0.01426,
    "b\u00fcy\u00fck": 0.01426,
    "onu": 0.01426,
    "harf": 0.01248,
    "i\u015faretleri": 0.0107,
    "metin": 0.0107,
    "soru": 0.0107,
    "harfini": 0.0107,
    "ba\u015fl\u0131\u011f\u0131na": 0.0107,
    "t\u00fcm": 0.00891,
    "olan": 0.00891,
    "dil": 0.00891,
    "ona": 0.00891,
    "s\u00f6yledi": 0.00891,
    "da\u011flar\u0131n\u0131n": 0.00891,
    "kendi": 0.00891
}