{
    "character_frequency": {
        "a": 0.1125807444,
        "e": 0.0932020917,
        "n": 0.0784374039,
        "r": 0.0747462319,
        "i": 0.0707474623,
        "l": 0.0655183021,
        "k": 0.0565979699,
        "\u0131": 0.0498308213,
        "d": 0.0390649031,
        "t": 0.0359889265,
        "\u00fc": 0.0356813288,
        "o": 0.0276837896,
        "m": 0.0273761919,
        "s": 0.0273761919,
        "y": 0.0258382036,
        "b": 0.0212242387,
        "u": 0.020916641,
        "z": 0.0138418948,
        "\u015f": 0.0138418948,
        "v": 0.0132266995,
        "\u011f": 0.0116887112,
        "g": 0.0116887112,
        "\u00f6": 0.0104583205,
        "\u00e7": 0.0095355275,
        "p": 0.0073823439,
        "h": 0.0055367579,
        "f": 0.0049215626,
        "'": 0.0049215626,
        "c": 0.0046139649,
        "K": 0.0039987696,
        "A": 0.0033835743,
        "H": 0.0024607813,
        "S": 0.0024607813,
        "Y": 0.0015379883,
        "\u0130": 0.0015379883,
        "D": 0.0015379883,
        "\"": 0.0012303906,
        "j": 0.0012303906,
        "\u00dc": 0.0012303906,
        "\u2013": 0.000922793,
        "\u00d6": 0.000922793,
        "B": 0.000922793,
        "M": 0.000922793,
        "V": 0.0006151953,
        "U": 0.0006151953
    },
    "word_length_frequency": {
        "wordLength3": 0.1968641115,
        "wordLength5": 0.181184669,
        "wordLength4": 0.1393728223,
        "wordLength7": 0.1097560976,
        "wordLength6": 0.0836236934,
        "wordLength9": 0.0696864111,
        "wordLength8": 0.0679442509,
        "wordLength2": 0.0574912892,
        "wordLength10": 0.0400696864,
        "wordLength11": 0.0383275261,
        "wordLength12": 0.012195122,
        "wordLength13": 0.0034843206
    }
}