{
    "n": 0.13507,
    "c": 0.07455,
    "h": 0.06817,
    "g": 0.06148,
    "t": 0.04524,
    "i": 0.03982,
    "u": 0.03441,
    "v": 0.0274,
    "\u0111": 0.02676,
    "a": 0.02549,
    "\u00e0": 0.02357,
    "l": 0.02134,
    "m": 0.02134,
    "y": 0.01911,
    "\u00f4": 0.01911,
    "o": 0.01816,
    "b": 0.01625,
    "\u1ea3": 0.01561,
    "\u00e1": 0.01529,
    "\u00ea": 0.01465,
    "\u01b0": 0.01338,
    "\u1eef": 0.01211,
    "d": 0.01211,
    "k": 0.01179,
    "s": 0.01179,
    "\u1ea5": 0.01083,
    "\u1ed9": 0.01051,
    "p": 0.01019,
    "r": 0.01019,
    "\u1ee7": 0.00956,
    "q": 0.00892,
    "\u1ebf": 0.00892,
    "\u1ea7": 0.00828,
    "\u1ed1": 0.00828,
    "\u1edd": 0.00765,
    "\u00e2": 0.00701,
    "\u1ecd": 0.00701,
    "\u0103": 0.00669,
    "\u00f9": 0.00637,
    "\u1ecf": 0.00605,
    "\u1edb": 0.00573,
    "\u00ec": 0.00573,
    "\u1ee5": 0.00542,
    "\u00e3": 0.0051,
    "\u1ecb": 0.00478,
    "\u00f3": 0.00446,
    "\u1ea1": 0.00414,
    "\u1ec1": 0.00414,
    "\u1ec7": 0.00382,
    "\u01a1": 0.0035,
    "\u00f2": 0.0035,
    "\u1ec3": 0.00319,
    "\u1edf": 0.00287,
    "x": 0.00287,
    "\u1ed3": 0.00287,
    "\u00fa": 0.00255,
    "\u1eab": 0.00255,
    "\u1ea9": 0.00255,
    "e": 0.00255,
    "\u1eeb": 0.00255,
    "\u1eb1": 0.00191,
    "\u00ed": 0.00159,
    "\u1eaf": 0.00159,
    "\u1ef1": 0.00127,
    "\u1eed": 0.00127,
    "\u0169": 0.00096,
    "\u2013": 0.00096,
    "\u00fd": 0.00096,
    "\u00f5": 0.00096,
    "\u1eb7": 0.00064,
    "\u1ec9": 0.00064,
    "\u1ee3": 0.00064,
    "\u00e9": 0.00064,
    "\u0129": 0.00064,
    "wordLength3": 0.44196,
    "wordLength2": 0.22709,
    "wordLength4": 0.20876,
    "wordLength5": 0.0998,
    "wordLength1": 0.01018,
    "wordLength6": 0.00916,
    "wordLength7": 0.00305,
    "c\u00f4": 0.0387,
    "c\u1ee7a": 0.03055,
    "v\u00e0": 0.02749,
    "m\u1ed9t": 0.0224,
    "b\u1ea3n": 0.01935,
    "kh\u00f4ng": 0.01833,
    "v\u0103n": 0.01833,
    "ch\u1eef": 0.01731,
    "\u0111\u01b0\u1eddng": 0.01629,
    "c\u00e1c": 0.01629,
    "m\u00f9": 0.01527,
    "h\u1ecd": 0.01426,
    "nh\u1eefng": 0.01222,
    "d\u1ea5u": 0.01222,
    "nh\u1ecf": 0.01222,
    "v\u00e0o": 0.0112,
    "c\u00e1i": 0.0112,
    "l\u1ea1i": 0.0112,
    "l\u00e0": 0.01018,
    "c\u00e2u": 0.01018
}