{
    "character_frequency": {
        "n": 0.1291759465,
        "c": 0.0719058225,
        "h": 0.0674514795,
        "g": 0.0614062997,
        "t": 0.0429525931,
        "i": 0.0388164174,
        "u": 0.0343620745,
        "v": 0.0257715558,
        "\u0111": 0.0257715558,
        "a": 0.0254533885,
        "\u00e0": 0.0235443843,
        "l": 0.0194082087,
        "y": 0.0190900414,
        "m": 0.0190900414,
        "\u00f4": 0.0190900414,
        "o": 0.0181355393,
        "\u1ea3": 0.0155902004,
        "\u00e1": 0.0152720331,
        "\u00ea": 0.0146356984,
        "b": 0.0146356984,
        "\u01b0": 0.013363029,
        "\u1eef": 0.0120903595,
        "s": 0.0117721922,
        "\u1ea5": 0.0108176901,
        "k": 0.0108176901,
        "\u1ed9": 0.0104995227,
        "d": 0.0104995227,
        "r": 0.0101813554,
        "p": 0.0095450207,
        "\u1ee7": 0.0095450207,
        "q": 0.008908686,
        "\u1ebf": 0.008908686,
        "\u1ea7": 0.0082723513,
        "\u1ed1": 0.0082723513,
        "\u1edd": 0.0076360165,
        "\u00e2": 0.0069996818,
        "\u1ecd": 0.0069996818,
        "\u0103": 0.0066815145,
        "\u00f9": 0.0063633471,
        "\u1ecf": 0.0060451798,
        "\u1edb": 0.0057270124,
        "N": 0.0057270124,
        "\u00ec": 0.0057270124,
        "\u1ee5": 0.0054088451,
        "\u00e3": 0.0050906777,
        "\u1ecb": 0.0047725103,
        "\u00f3": 0.004454343,
        "\u1ea1": 0.0041361756,
        "\u1ec1": 0.0041361756,
        "\u1ec7": 0.0038180083,
        "\u01a1": 0.0034998409,
        "\u00f2": 0.0034998409,
        "\u1ec3": 0.0031816736,
        "x": 0.0028635062,
        "\u1ed3": 0.0028635062,
        "\u00fa": 0.0025453388,
        "\u1eab": 0.0025453388,
        "\u1ea9": 0.0025453388,
        "C": 0.0025453388,
        "e": 0.0025453388,
        "\u1eeb": 0.0025453388,
        "M": 0.0022271715,
        "\u1edf": 0.0022271715,
        "T": 0.0022271715,
        "L": 0.0019090041,
        "\u1eb1": 0.0019090041,
        "\u00ed": 0.0015908368,
        "V": 0.0015908368,
        "\u1eaf": 0.0015908368,
        "B": 0.0015908368,
        "D": 0.0015908368,
        "\u1ef1": 0.0012726694,
        "\"": 0.0012726694,
        "\u1eed": 0.0012726694,
        "\u0110": 0.0009545021,
        "\u0169": 0.0009545021,
        "\u2013": 0.0009545021,
        "\u00fd": 0.0009545021,
        "K": 0.0009545021,
        "I": 0.0009545021,
        "\u00f5": 0.0009545021,
        "\u1eb7": 0.0006363347,
        "\u1ec9": 0.0006363347,
        "\u1ee3": 0.0006363347,
        "\u00e9": 0.0006363347,
        "\u1ede": 0.0006363347,
        "P": 0.0006363347,
        "H": 0.0006363347,
        "\u0129": 0.0006363347
    },
    "word_length_frequency": {
        "wordLength3": 0.4433094995,
        "wordLength2": 0.2298263534,
        "wordLength4": 0.2073544433,
        "wordLength5": 0.100102145,
        "wordLength6": 0.0091930541,
        "wordLength1": 0.0071501532,
        "wordLength7": 0.0030643514
    }
}