{
    "character_frequency": {
        "\u7684": 0.0624546115,
        "\uff0c": 0.056281772,
        "\u5979": 0.0428467683,
        "\u3002": 0.0275962237,
        "\u4e00": 0.0236020334,
        "\u6587": 0.0174291939,
        "\u4e86": 0.0174291939,
        "\u5b57": 0.0167029775,
        "\u4e2a": 0.0159767611,
        "\u4ed6": 0.0130718954,
        "\u4eec": 0.0130718954,
        "\u76f2": 0.0119825708,
        "\u5c0f": 0.0119825708,
        "\u540e": 0.0116194626,
        "\u5728": 0.0108932462,
        "\u53f7": 0.010530138,
        "\u6bcd": 0.010530138,
        "\u548c": 0.0098039216,
        "\u8fdb": 0.0083514887,
        "\u6709": 0.0079883805,
        "\u884c": 0.0079883805,
        "\u5230": 0.0079883805,
        "\u5730": 0.0076252723,
        "\u8bed": 0.0076252723,
        "\u7136": 0.0076252723,
        "\u5929": 0.0065359477,
        "\u6807": 0.0065359477,
        "m": 0.0065359477,
        "\u91cc": 0.0061728395,
        "\u6cd5": 0.0061728395,
        "\u4e0d": 0.0061728395,
        "\u4f46": 0.0061728395,
        "\u5927": 0.0061728395,
        "\u5c71": 0.0061728395,
        "\u9898": 0.0061728395,
        "\u65b9": 0.0058097313,
        "\u65e0": 0.0058097313,
        "\u7740": 0.0058097313,
        "\u5199": 0.0058097313,
        "\u6b21": 0.0054466231,
        "\u7528": 0.0054466231,
        "\u662f": 0.0043572985,
        "\u5206": 0.0043572985,
        "\u2014": 0.0043572985,
        "o": 0.0043572985,
        "x": 0.0043572985,
        "\u53e5": 0.0039941903,
        "\u5168": 0.0039941903,
        "\u51e0": 0.0039941903,
        "\u751f": 0.0039941903,
        "\u6d3b": 0.0039941903,
        "\u540d": 0.0039941903,
        "\u53eb": 0.0039941903,
        "\u5e7f": 0.0039941903,
        "\u529d": 0.0039941903,
        "\u8981": 0.0039941903,
        "\u4e3a": 0.0039941903,
        "\u90a3": 0.0039941903,
        "\u90fd": 0.0039941903,
        "\u95ee": 0.0039941903,
        "\u5978": 0.0039941903,
        "\u8bc8": 0.0039941903,
        "\u6ca1": 0.0039941903,
        "\u5e26": 0.0039941903,
        "\u767b": 0.0039941903,
        "\u8109": 0.0039941903,
        "\u5bb6": 0.0039941903,
        "\u9547": 0.0039941903,
        "\u6751": 0.0039941903,
        "\u81ea": 0.0039941903,
        "\u5df1": 0.0039941903,
        "\u6d41": 0.0036310821,
        "\u4e0b": 0.0036310821,
        "\u4e0a": 0.0036310821,
        "\u7a3f": 0.0036310821,
        "\u544a": 0.0036310821,
        "\u7ecf": 0.0036310821,
        "\u88ab": 0.0036310821,
        "\u91cd": 0.0036310821,
        "\u56de": 0.0036310821,
        "\u8bf4": 0.0036310821,
        "\u8fdc": 0.0036310821,
        "\u97f3": 0.0036310821,
        "\u6d77": 0.0036310821,
        "\u8fd9": 0.0021786492,
        "\u5802": 0.0021786492,
        "\u822c": 0.0021786492,
        "\u70e4": 0.0021786492,
        "\u597d": 0.0021786492,
        "\u5b50": 0.0021786492,
        "\u90e8": 0.0021786492,
        "\u4f1a": 0.0021786492,
        "\u98de": 0.0021786492,
        "\u5634": 0.0021786492,
        "\u751a": 0.0021786492,
        "\u81f3": 0.0021786492,
        "\u80fd": 0.0021786492,
        "\u70b9": 0.0021786492,
        "\u7b26": 0.0021786492,
        "\u4e5f": 0.0021786492,
        "\u63a7": 0.0021786492,
        "\u5236": 0.0021786492,
        "\u4e4e": 0.0021786492,
        "\u8fc7": 0.0021786492,
        "\u6b63": 0.0021786492,
        "L": 0.0021786492,
        "r": 0.0021786492,
        "e": 0.0021786492,
        "I": 0.0021786492,
        "p": 0.0021786492,
        "s": 0.0021786492,
        "u": 0.0021786492,
        "\u51b3": 0.0021786492,
        "\u5b9a": 0.0021786492,
        "\u8d70": 0.0021786492,
        "\u9614": 0.0021786492,
        "\u4e16": 0.0021786492,
        "\u754c": 0.0021786492,
        "\u4f1f": 0.0021786492,
        "O": 0.0021786492,
        "\u53bb": 0.0021786492,
        "\u56e0": 0.0021786492,
        "\u5904": 0.0021786492,
        "\u90aa": 0.0021786492,
        "\u6076": 0.0021786492,
        "\u9017": 0.0021786492,
        "\u3001": 0.0021786492,
        "\u72c2": 0.0021786492,
        "\u91ce": 0.0021786492,
        "\u52a8": 0.0021786492,
        "\u6447": 0.0021786492,
        "\u6253": 0.0021786492,
        "\u5305": 0.0021786492,
        "\u4e03": 0.0021786492,
        "\u628a": 0.0021786492,
        "\u9996": 0.0021786492,
        "\u653e": 0.0021786492,
        "\u8170": 0.0021786492,
        "\u51fa": 0.0021786492,
        "\u53d1": 0.0021786492,
        "\u5f53": 0.0021786492,
        "\u6500": 0.0021786492,
        "\u659c": 0.0021786492,
        "\u4f53": 0.0021786492,
        "\u7b2c": 0.0021786492,
        "\u4e18": 0.0021786492,
        "\u65f6": 0.0021786492,
        "\u6700": 0.0021786492,
        "\u770b": 0.0021786492,
        "\u773c": 0.0021786492,
        "\u4e61": 0.0021786492,
        "\u9645": 0.0021786492,
        "\u7ebf": 0.0021786492,
        "\u8857": 0.0021786492,
        "\u9053": 0.0021786492,
        "\u526f": 0.0021786492,
        "\u5df7": 0.0021786492,
        "\u4fee": 0.001815541,
        "\u8f9e": 0.001815541,
        "\u6027": 0.001815541,
        "\u5fe7": 0.001815541,
        "\u90c1": 0.001815541,
        "\u8138": 0.001815541,
        "\u988a": 0.001815541,
        "\u7ee7": 0.001815541,
        "\u7eed": 0.001815541,
        "\u524d": 0.001815541,
        "\u8def": 0.001815541,
        "\u9047": 0.001815541,
        "\u6bb5": 0.001815541,
        "\u8b66": 0.001815541,
        "\u6765": 0.001815541,
        "\u5df2": 0.001815541,
        "\u6570": 0.001815541,
        "\u8d77": 0.001815541,
        "\u6e90": 0.001815541,
        "\u53ea": 0.001815541,
        "\u5269": 0.001815541,
        "\u201c": 0.001815541,
        "\u201d": 0.001815541,
        "\u5e76": 0.001815541,
        "\u4e14": 0.001815541,
        "\u5e94": 0.001815541,
        "\u8be5": 0.001815541,
        "\u5934": 0.001815541,
        "\u5b89": 0.001815541,
        "\u6240": 0.001815541,
        "\u670d": 0.001815541,
        "\u4e45": 0.001815541,
        "\u6848": 0.001815541,
        "\u4f0f": 0.001815541,
        "\u51fb": 0.001815541,
        "\u957f": 0.001815541,
        "\u53e3": 0.001815541,
        "\u704c": 0.001815541,
        "\u9189": 0.001815541,
        "\u5c06": 0.001815541,
        "\u62d6": 0.001815541,
        "\u4ee3": 0.001815541,
        "\u7406": 0.001815541,
        "\u673a": 0.001815541,
        "\u6784": 0.001815541,
        "\u53c8": 0.001815541,
        "\u5229": 0.001815541,
        "\u9879": 0.001815541,
        "\u76ee": 0.001815541,
        "\u5982": 0.001815541,
        "\u679c": 0.001815541,
        "\u4ecd": 0.001815541,
        "\u4f7f": 0.001815541,
        "\u8bcd": 0.001815541,
        "\u9762": 0.001815541,
        "\u79bb": 0.001815541,
        "\u5143": 0.001815541,
        "\u8f85": 0.001815541,
        "\u56fd": 0.001815541,
        "\u4f4f": 0.001815541,
        "\u4f4d": 0.001815541,
        "\u4e8e": 0.001815541,
        "\u4e49": 0.001815541,
        "\u5cb8": 0.001815541,
        "\u5de8": 0.001815541,
        "\u8a00": 0.001815541,
        "\u6d0b": 0.001815541,
        "\u675c": 0.001815541,
        "\u6eaa": 0.001815541,
        "\u5e84": 0.001815541,
        "\u63d0": 0.001815541,
        "\u4f9b": 0.001815541,
        "\u5fc5": 0.001815541,
        "\u89c4": 0.001815541,
        "\u5219": 0.001815541
    },
    "word_length_frequency": {
        "wordLength10": 0.1621621622,
        "wordLength8": 0.1467181467,
        "wordLength12": 0.0888030888,
        "wordLength16": 0.0656370656,
        "wordLength5": 0.0656370656,
        "wordLength13": 0.0656370656,
        "wordLength7": 0.0579150579,
        "wordLength3": 0.0579150579,
        "wordLength11": 0.0463320463,
        "wordLength18": 0.0463320463,
        "wordLength6": 0.0386100386,
        "wordLength9": 0.0386100386,
        "wordLength1": 0.0386100386,
        "wordLength14": 0.0386100386,
        "wordLength4": 0.0231660232,
        "wordLength19": 0.0193050193
    }
}