{
    "\u7684": 0.06245,
    "\uff0c": 0.05628,
    "\u5979": 0.04285,
    "\u3002": 0.0276,
    "\u4e00": 0.0236,
    "\u6587": 0.01743,
    "\u4e86": 0.01743,
    "\u5b57": 0.0167,
    "\u4e2a": 0.01598,
    "\u4ed6": 0.01307,
    "\u4eec": 0.01307,
    "\u76f2": 0.01198,
    "\u5c0f": 0.01198,
    "\u540e": 0.01162,
    "\u5728": 0.01089,
    "\u53f7": 0.01053,
    "\u6bcd": 0.01053,
    "\u548c": 0.0098,
    "\u8fdb": 0.00835,
    "\u6709": 0.00799,
    "\u884c": 0.00799,
    "\u5230": 0.00799,
    "\u5730": 0.00763,
    "\u8bed": 0.00763,
    "\u7136": 0.00763,
    "\u5929": 0.00654,
    "\u6807": 0.00654,
    "o": 0.00654,
    "m": 0.00654,
    "\u91cc": 0.00617,
    "\u6cd5": 0.00617,
    "\u4e0d": 0.00617,
    "\u4f46": 0.00617,
    "\u5927": 0.00617,
    "\u5c71": 0.00617,
    "\u9898": 0.00617,
    "\u65b9": 0.00581,
    "\u65e0": 0.00581,
    "\u7740": 0.00581,
    "\u5199": 0.00581,
    "\u6b21": 0.00545,
    "\u7528": 0.00545,
    "\u662f": 0.00436,
    "\u5206": 0.00436,
    "\u2014": 0.00436,
    "x": 0.00436,
    "\u53e5": 0.00399,
    "\u5168": 0.00399,
    "\u51e0": 0.00399,
    "\u751f": 0.00399,
    "\u6d3b": 0.00399,
    "\u540d": 0.00399,
    "\u53eb": 0.00399,
    "\u5e7f": 0.00399,
    "\u529d": 0.00399,
    "\u8981": 0.00399,
    "\u4e3a": 0.00399,
    "\u90a3": 0.00399,
    "\u90fd": 0.00399,
    "\u95ee": 0.00399,
    "\u5978": 0.00399,
    "\u8bc8": 0.00399,
    "\u6ca1": 0.00399,
    "\u5e26": 0.00399,
    "\u767b": 0.00399,
    "\u8109": 0.00399,
    "\u5bb6": 0.00399,
    "\u9547": 0.00399,
    "\u6751": 0.00399,
    "\u81ea": 0.00399,
    "\u5df1": 0.00399,
    "\u6d41": 0.00363,
    "\u4e0b": 0.00363,
    "\u4e0a": 0.00363,
    "\u7a3f": 0.00363,
    "\u544a": 0.00363,
    "\u7ecf": 0.00363,
    "\u88ab": 0.00363,
    "\u91cd": 0.00363,
    "\u56de": 0.00363,
    "\u8bf4": 0.00363,
    "\u8fdc": 0.00363,
    "\u97f3": 0.00363,
    "\u6d77": 0.00363,
    "\u8fd9": 0.00218,
    "\u5802": 0.00218,
    "\u822c": 0.00218,
    "\u70e4": 0.00218,
    "\u597d": 0.00218,
    "\u5b50": 0.00218,
    "\u90e8": 0.00218,
    "\u4f1a": 0.00218,
    "\u98de": 0.00218,
    "\u5634": 0.00218,
    "\u751a": 0.00218,
    "\u81f3": 0.00218,
    "\u80fd": 0.00218,
    "\u70b9": 0.00218,
    "\u7b26": 0.00218,
    "\u4e5f": 0.00218,
    "\u63a7": 0.00218,
    "\u5236": 0.00218,
    "\u4e4e": 0.00218,
    "\u8fc7": 0.00218,
    "\u6b63": 0.00218,
    "l": 0.00218,
    "r": 0.00218,
    "e": 0.00218,
    "i": 0.00218,
    "p": 0.00218,
    "s": 0.00218,
    "u": 0.00218,
    "\u51b3": 0.00218,
    "\u5b9a": 0.00218,
    "\u8d70": 0.00218,
    "\u9614": 0.00218,
    "\u4e16": 0.00218,
    "\u754c": 0.00218,
    "\u4f1f": 0.00218,
    "\u53bb": 0.00218,
    "\u56e0": 0.00218,
    "\u5904": 0.00218,
    "\u90aa": 0.00218,
    "\u6076": 0.00218,
    "\u9017": 0.00218,
    "\u3001": 0.00218,
    "\u72c2": 0.00218,
    "\u91ce": 0.00218,
    "\u52a8": 0.00218,
    "\u6447": 0.00218,
    "\u6253": 0.00218,
    "\u5305": 0.00218,
    "\u4e03": 0.00218,
    "\u628a": 0.00218,
    "\u9996": 0.00218,
    "\u653e": 0.00218,
    "\u8170": 0.00218,
    "\u51fa": 0.00218,
    "\u53d1": 0.00218,
    "\u5f53": 0.00218,
    "\u6500": 0.00218,
    "\u659c": 0.00218,
    "\u4f53": 0.00218,
    "\u7b2c": 0.00218,
    "\u4e18": 0.00218,
    "\u65f6": 0.00218,
    "\u6700": 0.00218,
    "\u770b": 0.00218,
    "\u773c": 0.00218,
    "\u4e61": 0.00218,
    "\u9645": 0.00218,
    "\u7ebf": 0.00218,
    "\u8857": 0.00218,
    "\u9053": 0.00218,
    "\u526f": 0.00218,
    "\u5df7": 0.00218,
    "\u4fee": 0.00182,
    "\u8f9e": 0.00182,
    "\u6027": 0.00182,
    "\u5fe7": 0.00182,
    "\u90c1": 0.00182,
    "\u8138": 0.00182,
    "\u988a": 0.00182,
    "\u7ee7": 0.00182,
    "\u7eed": 0.00182,
    "\u524d": 0.00182,
    "\u8def": 0.00182,
    "\u9047": 0.00182,
    "\u6bb5": 0.00182,
    "\u8b66": 0.00182,
    "\u6765": 0.00182,
    "\u5df2": 0.00182,
    "\u6570": 0.00182,
    "\u8d77": 0.00182,
    "\u6e90": 0.00182,
    "\u53ea": 0.00182,
    "\u5269": 0.00182,
    "\u201c": 0.00182,
    "\u201d": 0.00182,
    "\u5e76": 0.00182,
    "\u4e14": 0.00182,
    "\u5e94": 0.00182,
    "\u8be5": 0.00182,
    "\u5934": 0.00182,
    "\u5b89": 0.00182,
    "\u6240": 0.00182,
    "\u670d": 0.00182,
    "\u4e45": 0.00182,
    "\u6848": 0.00182,
    "\u4f0f": 0.00182,
    "\u51fb": 0.00182,
    "\u957f": 0.00182,
    "\u53e3": 0.00182,
    "\u704c": 0.00182,
    "\u9189": 0.00182,
    "\u5c06": 0.00182,
    "\u62d6": 0.00182,
    "\u4ee3": 0.00182,
    "\u7406": 0.00182,
    "\u673a": 0.00182,
    "\u6784": 0.00182,
    "\u53c8": 0.00182,
    "\u5229": 0.00182,
    "\u9879": 0.00182,
    "\u76ee": 0.00182,
    "\u5982": 0.00182,
    "\u679c": 0.00182,
    "\u4ecd": 0.00182,
    "\u4f7f": 0.00182,
    "\u8bcd": 0.00182,
    "\u9762": 0.00182,
    "\u79bb": 0.00182,
    "\u5143": 0.00182,
    "\u8f85": 0.00182,
    "\u56fd": 0.00182,
    "\u4f4f": 0.00182,
    "\u4f4d": 0.00182,
    "\u4e8e": 0.00182,
    "\u4e49": 0.00182,
    "\u5cb8": 0.00182,
    "\u5de8": 0.00182,
    "\u8a00": 0.00182,
    "\u6d0b": 0.00182,
    "\u675c": 0.00182,
    "\u6eaa": 0.00182,
    "\u5e84": 0.00182,
    "\u63d0": 0.00182,
    "\u4f9b": 0.00182,
    "\u5fc5": 0.00182,
    "\u89c4": 0.00182,
    "\u5219": 0.00182,
    "wordLength505": 0.71429,
    "wordLength77": 0.14286,